,drug,MoA,GDSC,CTRP,CCLE,DiSCoVER,CMAP,evidence,DiSCoVER rank,CMAP rank,Average rank
tl-2-105,gdsc_TL-2-105,Not Clinically Relevant,0.624,,,0.624,,+...,1,175,1.0
thiotepa,cmap_thiotepa,"alkylating agent, ethylenimine family, causes crosslinks in DNA, which prevents DNA replication and DNA transcription",,,,,0.971,...+,674,2,2.0
gsk1070916,gdsc_GSK1070916,Not Clinically Relevant,0.614,,,0.614,,+...,2,176,2.0
sb52334,gdsc_SB52334,Not Clinically Relevant,0.612,,,0.612,,+...,3,177,3.0
gsk-461364,cmap_gsk-461364,"Plk1 inhibitor, less active against Plk2 and Plk3.",,,,,0.963,...+,675,4,4.0
ql-xii-61,gdsc_QL-XII-61,Not Clinically Relevant,0.599,,,0.599,,+...,4,178,4.0
tg100-115,cmap_tg100-115,PI3Kγ/δ inhibitor,,,,,0.955,...+,676,6,6.0
gw-2580,gdsc_GW-2580,Not Clinically Relevant,0.527,,,0.527,,+...,6,179,6.0
tubastatin a,ctrp_tubastatin A,Not Clinically Relevant,0.575,0.474,,0.524,,++..,7,180,7.0
vx-702,gdsc_VX-702,Not Clinically Relevant,0.522,,,0.522,,+...,8,181,8.0
barasertib,ctrp_barasertib,highly selective Aurora B kinase inhibitor,,0.457,,0.457,0.968,.+.+,15,3,9.0
bx-912,gdsc_BX-912,Not Clinically Relevant,0.51,,,0.51,,+...,9,182,9.0
gsk319347a,gdsc_GSK319347A,Not Clinically Relevant,0.48700000000000004,,,0.487,,+...,11,183,11.0
vemurafenib,cmap_vemurafenib,BRAF (V600E) inhibitor,,,,,0.87,...+,678,12,12.0
amuvatinib,gdsc_Amuvatinib,Not Clinically Relevant,0.47200000000000003,,,0.472,,+...,13,184,13.0
jnj-26854165,cmap_jnj-26854165,"(JNJ-26854165) Mdm2 antagonist, stabilizes p53",,,,,0.865,...+,679,14,14.0
indisulam,ctrp_indisulam,"carbonic anhydrase inibitor and  CDK inhibitor, targets G1 by depleting cyclin E. inducing p53 and p21, and inhibiting CDK2",,0.45799999999999996,,0.458,,.+..,14,185,14.0
cladribine,cmap_cladribine,"purine analog, inhibits adenosine deaminase, which interferes with DNA sythesis. Used for leukemia",,,,,0.84,...+,680,15,15.0
avrainvillamide,ctrp_avrainvillamide,Not Clinically Relevant,,0.456,,0.456,,.+..,16,186,16.0
xmd13-2,gdsc_XMD13-2,Not Clinically Relevant,0.451,,,0.451,,+...,19,187,19.0
iobenguane,cmap_iobenguane,"radiopharmaceutical, radiolabeled molecule similar to noradrenaline",,,,,0.81,...+,681,19,19.0
pf-4800567 hydrochloride,ctrp_PF-4800567 hydrochloride,Not Clinically Relevant,,0.45,,0.45,,.+..,20,188,20.0
amsacrine,cmap_amsacrine,"Intercalator, inhibits Topo II and blocks both DNA replication and transcription, used in ALL",,,,,0.8029999999999999,...+,682,20,20.0
axitinib,ctrp_axitinib,"VEGFR, c-KIT and PDGFR inhibitor",0.496,0.415,,0.456,0.775,++.+,17,24,20.5
brd-k26531177,ctrp_BRD-K26531177,Not Clinically Relevant,,0.439,,0.439,,.+..,21,189,21.0
abt-737,ctrp_ABT-737,Bcl-2/Bcl-xL inhibitor,,0.45299999999999996,,0.453,0.768,.+.+,18,25,21.5
brd-k28456706,ctrp_BRD-K28456706,Not Clinically Relevant,,0.439,,0.439,,.+..,22,190,22.0
raltitrexed,cmap_raltitrexed,"antimetabolite,  inhibitor of thymidylate synthase",,,,,0.777,...+,683,23,23.0
skepinone-l,ctrp_skepinone-L,Not Clinically Relevant,,0.43700000000000006,,0.437,,.+..,23,191,23.0
brd-k88742110,ctrp_BRD-K88742110,Not Clinically Relevant,,0.435,,0.435,,.+..,24,192,24.0
alisertib,ctrp_alisertib,Aurora A kinase inhibitor,,0.41600000000000004,,0.416,0.945,.+.+,42,7,24.5
sotrastaurin,ctrp_sotrastaurin,pan-PKC inhibitor,,0.434,,0.434,,.+..,25,193,25.0
bms-195614,ctrp_BMS-195614,Not Clinically Relevant,,0.433,,0.433,,.+..,26,194,26.0
mercaptopurine,cmap_mercaptopurine,"purine antagonist, competes with hypoxanthine and guanine for the enzyme HGPRT",,,,,0.727,...+,686,27,27.0
rucaparib,gdsc_Rucaparib,"PARP inhibitor, inhibits DNA repair",0.48200000000000004,,,0.482,0.5870000000000001,+..+,12,42,27.0
cct036477,ctrp_CCT036477,Not Clinically Relevant,,0.431,,0.431,,.+..,27,195,27.0
sitagliptin,ctrp_sitagliptin,"used for Treating type 2 diabetes, works by increasing the amount of insulin released by your body",,0.40299999999999997,,0.403,0.98,.+.+,54,1,27.5
brd-a71883111,ctrp_BRD-A71883111,Not Clinically Relevant,,0.431,,0.431,,.+..,28,196,28.0
on-01910,cmap_on-01910,"ON-01910, Plk-1 inhibitor",,,,,0.718,...+,687,28,28.0
sb-505124,gdsc_SB-505124,Not Clinically Relevant,0.43,,,0.43,,+...,29,197,29.0
altretamine,cmap_altretamine,alkylating antineoplastic agent,,,,,0.713,...+,688,30,30.0
ml239,ctrp_ML239,Not Clinically Relevant,,0.428,,0.428,,.+..,30,198,30.0
16-beta-bromoandrosterone,ctrp_16-beta-bromoandrosterone,Not Clinically Relevant,,0.42700000000000005,,0.427,,.+..,31,199,31.0
xl765,ctrp_XL765,PI3K/mTOR inhibitor,,0.42700000000000005,,0.427,,.+..,32,200,32.0
hg-5-88-01,gdsc_HG-5-88-01,Not Clinically Relevant,0.426,,,0.426,,+...,33,201,33.0
brd-k51831558,ctrp_BRD-K51831558,Not Clinically Relevant,,0.425,,0.425,,.+..,34,202,34.0
cil55,ctrp_CIL55,Not Clinically Relevant,,0.424,,0.424,,.+..,35,203,35.0
raloxifene,cmap_raloxifene," selective estrogen receptor modulator (SERM), has estrogenic actions on bone and anti-estrogenic actions on uterus and breast",,,,,0.6829999999999999,...+,689,35,35.0
compound 7d-cis,ctrp_Compound 7d-cis,Not Clinically Relevant,,0.42200000000000004,,0.422,,.+..,37,204,37.0
palonosetron,cmap_palonosetron, 5-HT3 antagonist used in the prevention and treatment of chemotherapy-induced nausea and vomiting,,,,,0.653,...+,691,38,38.0
staurosporine,ctrp_staurosporine,Not Clinically Relevant,,0.42200000000000004,,0.422,,.+..,38,205,38.0
brd-k51490254,ctrp_BRD-K51490254,Not Clinically Relevant,,0.42100000000000004,,0.421,,.+..,39,206,39.0
ml203,ctrp_ML203,Not Clinically Relevant,,0.418,,0.418,,.+..,40,207,40.0
formestane,cmap_formestane,"steroidal, selective aromatase inhibitor, used for ER+ Breast cancer",,,,,0.607,...+,692,40,40.0
cil41,ctrp_CIL41,Not Clinically Relevant,,0.41700000000000004,,0.417,,.+..,41,208,41.0
iu1,ctrp_IU1,Not Clinically Relevant,,0.414,,0.414,,.+..,43,209,43.0
mln-2238,cmap_mln-2238,"Ixazomib, Proteasome inhibitor, inhibits the chymotrypsin-like proteolytic (β5) site of the 20S proteasome ",,,,,0.551,...+,693,44,44.0
epigallocatechin-3-monogallate,ctrp_epigallocatechin-3-monogallate,Not Clinically Relevant,,0.41100000000000003,,0.411,,.+..,45,210,45.0
anagrelide,cmap_anagrelide,"phosphodiesterase inhibitor, inhibits maturation of platelets, used for CML",,,,,0.5489999999999999,...+,694,45,45.0
escitalopram,cmap_escitalopram,Selective Serotonin Reuptake Inhibitor (SSRI),,,,,0.524,...+,695,46,46.0
brd-k24690302,ctrp_BRD-K24690302,Not Clinically Relevant,,0.408,,0.408,,.+..,46,211,46.0
brd-k13999467,ctrp_BRD-K13999467,Not Clinically Relevant,,0.406,,0.406,,.+..,47,212,47.0
foretinib,ctrp_foretinib,c-Met/VEGFR2 inhibitor,,0.405,,0.405,,.+..,48,213,48.0
brd-k49290616,ctrp_BRD-K49290616,Not Clinically Relevant,,0.405,,0.405,,.+..,49,214,49.0
compound 1541a,ctrp_Compound 1541A,Not Clinically Relevant,,0.405,,0.405,,.+..,50,215,50.0
ispinesib mesylate,gdsc_Ispinesib Mesylate,Not Clinically Relevant,0.405,,,0.405,,+...,51,216,51.0
navitoclax,ctrp_navitoclax,"Bcl-2 family inhibitor: esp Bcl-xL, Bcl-2 and Bcl-w",0.6559999999999999,0.32299999999999995,,0.489,-0.051,++.-,10,93,51.5
tipifarnib-p1,ctrp_tipifarnib-P1,Not Clinically Relevant,,0.40399999999999997,,0.404,,.+..,52,217,52.0
brd-m00053801,ctrp_BRD-M00053801,Not Clinically Relevant,,0.40399999999999997,,0.404,,.+..,53,218,53.0
capecitabine,cmap_capecitabine,"Capecitabine is metabolised to 5-FU, a thymidylate synthase inhibitor, which inhibits DNA synthesis",,,,,0.449,...+,697,54,54.0
rg-108,ctrp_RG-108,Not Clinically Relevant,,0.40299999999999997,,0.403,,.+..,55,219,55.0
mitotane,cmap_mitotane,"steroidogenesis inhibitor, cytostatic drug used in the treatment of adrenocortical carcinoma ",,,,,0.441,...+,698,55,55.0
bms-270394,ctrp_BMS-270394,Not Clinically Relevant,,0.40299999999999997,,0.403,,.+..,56,220,56.0
streptozotocin,cmap_streptozotocin,"pancreatic beta cell toxin, used to treat metastatic cancer of pancreatic islet cells.",,,,,0.405,...+,699,56,56.0
megestrol,cmap_megestrol,steroidal progestin used in the treatment of breast and endometrial cancer,,,,,0.403,...+++,690,57,57.0
ml050,ctrp_ML050,Not Clinically Relevant,,0.402,,0.402,,.+..,57,221,57.0
ceranib-2,ctrp_ceranib-2,Not Clinically Relevant,,0.401,,0.401,,.+..,58,222,58.0
goserelin,cmap_goserelin,"decapeptide, synthetic analog of LHRH, suppresses production of testosterone and estrogen",,,,,0.387,...+,700,58,58.0
sz4ta2,ctrp_SZ4TA2,Not Clinically Relevant,,0.401,,0.401,,.+..,59,223,59.0
exemestane,cmap_exemestane,"aromatase inhibitor, blocks conversion of androgens to estrogens",,,,,0.383,...++,696,59,59.0
pirfenidone,cmap_pirfenidone, antifibrotic and anti-inflammatory,,,,,0.381,...+,701,60,60.0
isoliquiritigenin,ctrp_isoliquiritigenin,Not Clinically Relevant,,0.401,,0.401,,.+..,60,224,60.0
mln-4924,cmap_mln-4924,"(MLN4924), inhibitor of NEDD8-activating enzyme (NAE)",,,,,0.381,...+,702,61,61.0
cytarabine hydrochloride,ctrp_cytarabine hydrochloride,Not Clinically Relevant,,0.39899999999999997,,0.399,,.+..,61,225,61.0
tacrolimus,ctrp_tacrolimus,"FK-506, immunosuppressive drug usedafter allogeneic organ transplant",,0.413,,0.413,0.1725,.+.+--,44,80,62.0
prima-1-met,ctrp_PRIMA-1-Met,Not Clinically Relevant,,0.39799999999999996,,0.398,,.+..,62,226,62.0
brd-k90370028,ctrp_BRD-K90370028,Not Clinically Relevant,,0.397,,0.397,,.+..,63,227,63.0
mst-312,ctrp_MST-312,Not Clinically Relevant,,0.395,,0.395,,.+..,64,228,64.0
ac55649,ctrp_AC55649,Not Clinically Relevant,,0.395,,0.395,,.+..,65,229,65.0
px-12,ctrp_PX-12,thioredoxin-1 (Trx-1) inhibitor,,0.39399999999999996,,0.394,,.+..,66,230,66.0
cinacalcet,cmap_cinacalcet,Calcium reducer (increases  sensitivity of calcium receptors on parathyroid cells to reduce parathyroid hormone (PTH) levels and thus decrease serum calcium),,,,,0.35100000000000003,...+,703,66,66.0
ly-2183240,ctrp_LY-2183240,Not Clinically Relevant,,0.39299999999999996,,0.393,,.+..,67,231,67.0
flutamide,cmap_flutamide,"nonsteroidal antiandrogen (NSAA), used primarily to treat prostate cancer",,,,,0.335,...+,704,68,68.0
brd-k29313308,ctrp_BRD-K29313308,Not Clinically Relevant,,0.39299999999999996,,0.393,,.+..,68,232,68.0
azd1480,ctrp_AZD1480,JAK2 inhibitor with some activity against JAK3 and Tyk2,,0.391,,0.391,,.+..,69,233,69.0
sr1001,ctrp_SR1001,Not Clinically Relevant,,0.39,,0.39,,.+..,70,234,70.0
everolimus,cmap_everolimus,mTOR inhibitor (RAD001),,,,,0.305,...+,705,70,70.0
jw-74,ctrp_JW-74,Not Clinically Relevant,,0.39,,0.39,,.+..,71,235,71.0
cs-1657,cmap_cs-1657,"Ixazomib, Proteasome inhibitor, inhibits the chymotrypsin-like proteolytic (β5) site of the 20S proteasome ",,,,,0.284,...+,706,72,72.0
brd-k42260513,ctrp_BRD-K42260513,Not Clinically Relevant,,0.39,,0.39,,.+..,72,236,72.0
brd-k92856060,ctrp_BRD-K92856060,Not Clinically Relevant,,0.389,,0.389,,.+..,73,237,73.0
repligen 136,ctrp_Repligen 136,Not Clinically Relevant,,0.387,,0.387,,.+..,74,238,74.0
aminoglutethimide,cmap_aminoglutethimide,"anti-steroid, used in the treatment of metastatic breast cancer",,,,,0.268,...+,707,74,74.0
brivanib,ctrp_brivanib,"multitargeted tyrosine kinase inhibitor, esp VEGFR and FGFR",,0.36,,0.36,0.6779999999999999,.+.+,113,36,74.5
nvp-adw742,ctrp_NVP-ADW742,Not Clinically Relevant,,0.385,,0.385,,.+..,75,239,75.0
nilutamide,cmap_nilutamide," synthetic, non-steroidal antiandrogen, selective antagonist of the androgen receptor,  used for metastatic prostate cancer",,,,,0.267,...+,708,75,75.0
kpt185,ctrp_KPT185,Not Clinically Relevant,,0.384,,0.384,,.+..,76,240,76.0
prednisone,cmap_prednisone,synthetic corticosteroid,,,,,0.261,...+,709,76,76.0
brd-k34485477,ctrp_BRD-K34485477,Not Clinically Relevant,,0.384,,0.384,,.+..,77,241,77.0
bibr-1532,ctrp_BIBR-1532,Not Clinically Relevant,,0.384,,0.384,,.+..,78,242,78.0
chlorambucil,ctrp_chlorambucil,"alkylates and cross-links DNA, interfering with DNA replication and damaging the DNA",,0.42200000000000004,,0.422,-0.41,.+.-,36,120,78.0
nsc30930,ctrp_NSC30930,Not Clinically Relevant,,0.382,,0.382,,.+..,79,243,79.0
cay10576,ctrp_CAY10576,Not Clinically Relevant,,0.381,,0.381,,.+..,80,244,80.0
gmx-1778,ctrp_GMX-1778,Not Clinically Relevant,,0.379,,0.379,,.+..,81,245,81.0
idarubicin,cmap_idarubicin,"Topo II inhibitor, intercalates into DNA, anthracycline",,,,,0.17099999999999999,...+-,673,81,81.0
pf-184,ctrp_PF-184,Not Clinically Relevant,,0.37799999999999995,,0.378,,.+..,82,246,82.0
aprepitant,cmap_aprepitant,"an antiemetic, mediates its effect by blocking the neurokinin 1 (NK1) receptor",,,,,0.166,...+,712,82,82.0
brd1835,ctrp_BRD1835,Not Clinically Relevant,,0.377,,0.377,,.+..,83,247,83.0
carmofur,cmap_carmofur,"derivative of fluorouracil, pyrimidine analog",,,,,0.165,...+,713,83,83.0
toremifene,cmap_toremifene,selective estrogen receptor modulator (SERM) which helps oppose the actions of estrogen,,,,,0.1595,...+-,685,84,84.0
tivantinib,ctrp_tivantinib,Met inhibitor,,0.377,,0.377,,.+..,84,248,84.0
ki8751,ctrp_Ki8751,Not Clinically Relevant,,0.377,,0.377,,.+..,85,249,85.0
abt-199,ctrp_ABT-199,Bcl2 inhibitor,,0.377,,0.377,,.+..,86,250,86.0
kw-2449,ctrp_KW-2449,"multi-kinase inhibitor, mostly for Flt3, modestly potent to FGFR1, Bcr-Abl and Aurora A;",,0.376,,0.376,,.+..,87,251,87.0
linsitinib,ctrp_linsitinib,IGF-1R inhibitor,0.611,0.514,,0.562,-0.905,++.-,5,169,87.0
nsc23766,ctrp_NSC23766,Not Clinically Relevant,,0.376,,0.376,,.+..,88,252,88.0
fingolimod,ctrp_fingolimod,"sphingosine-1-phosphate receptor modulator, sequesters lymphocytes in lymph nodes, mostly used for treating multiple sclerosis",,0.375,,0.375,,.+..,89,253,89.0
thalidomide,ctrp_thalidomide,"interacts with the ubiquitin E3 ligase cereblon, targeting this enzyme to degrade the Ikaros transcription factors IKZF1 and IKZF3. Used for multiple myeloma",,0.348,,0.348,0.691,.+.+,146,33,89.5
cediranib,ctrp_cediranib,VEGFR inhibitor,,0.34,,0.34,0.825,.+.+,163,17,90.0
kin001-270,gdsc_KIN001-270,Not Clinically Relevant,0.375,,,0.375,,+...,90,254,90.0
apicidin,ctrp_apicidin,Not Clinically Relevant,,0.375,,0.375,,.+..,91,255,91.0
hydrocortisone,cmap_hydrocortisone,Anti-inflammatory,,,,,-0.00759375000000001,...++++++-,677,91,91.0
fgin-1-27,ctrp_FGIN-1-27,Not Clinically Relevant,,0.374,,0.374,,.+..,92,256,92.0
brd6340,ctrp_BRD6340,Not Clinically Relevant,,0.374,,0.374,,.+..,93,257,93.0
darinaparsin,ctrp_darinaparsin,organic arsenic compound composed of dimethylated arsenic linked to glutathione,,0.354,,0.354,0.361,.+.+,124,63,93.5
omacetaxine mepesuccinate,ctrp_omacetaxine mepesuccinate,"natural product, protein translation inhibitor, used for myeloid leukemia",,0.373,,0.373,,.+..,94,258,94.0
ski-ii,ctrp_SKI-II,Not Clinically Relevant,,0.373,,0.373,,.+..,95,259,95.0
mdivi-1,ctrp_Mdivi-1,Not Clinically Relevant,,0.37200000000000005,,0.372,,.+..,96,260,96.0
floxuridine,cmap_floxuridine,"antimetabolite,  catabolized to 5-fluorouracil",,,,,-0.1275,...+-,710,97,97.0
elocalcitol,ctrp_elocalcitol,vitamin D receptor agonist,,0.37200000000000005,,0.372,,.+..,97,261,97.0
unc1215,gdsc_UNC1215,Not Clinically Relevant,0.371,,,0.371,,+...,98,262,98.0
lenvatinib,ctrp_lenvatinib,"VEGFR inhibitor (VEGFR1, VEGFR2 and VEGFR3)",,0.371,,0.371,,.+..,99,263,99.0
sb-225002,ctrp_SB-225002,Not Clinically Relevant,,0.37,,0.37,,.+..,100,264,100.0
968,ctrp_968,Not Clinically Relevant,,0.37,,0.37,,.+..,101,265,101.0
necrostatin-7,ctrp_necrostatin-7,Not Clinically Relevant,,0.37,,0.37,,.+..,102,266,102.0
itraconazole,ctrp_itraconazole,"Anti-fungal, hedgehog antagonist",,0.368,,0.368,-0.14400000000000002,.+.-,105,99,102.0
daunorubicin,cmap_daunorubicin,"Analog of doxorubicin, DNA intercalator, Topo II antagonist",,,,,-0.21775,...+--,711,103,103.0
isoevodiamine,ctrp_isoevodiamine,Not Clinically Relevant,,0.369,,0.369,,.+..,103,267,103.0
mgcd-265,ctrp_MGCD-265,"inhibitor of c-Met and VEGFR1/2/3, as well as Ron and Tie2",,0.368,,0.368,,.+..,104,268,104.0
semaxanib,cmap_semaxanib,"fusion protein analog of thrombopoietin, used to treat chronic immune thrombocytopenia",,,,,-0.222,...-,716,104,104.0
dactinomycin,cmap_dactinomycin,inhibits transcription by binding DNA at the transcription initiation complex and preventing elongation of RNA chain by RNA polymerase,,,,,-0.23049999999999998,...--,715,105,105.0
lbh-589,ctrp_LBH-589,HDAC inhibitor,,0.368,,0.368,,.+..,106,269,106.0
brd-k11533227,ctrp_BRD-K11533227,Not Clinically Relevant,,0.36700000000000005,,0.367,,.+..,107,270,107.0
azd-8055,cmap_azd-8055,mTOR inhibitor,,,,,-0.265,...-,717,107,107.0
hyperforin,ctrp_hyperforin,"Active ingredient in St. John's Wort, blocks reuptake of of serotonin, norepinephrine, dopamine and GABA",,0.34,,0.34,0.46299999999999997,.+.+,162,52,107.0
elcpk,ctrp_ELCPK,Not Clinically Relevant,,0.364,,0.364,,.+..,108,271,108.0
sulindac,cmap_sulindac,Nonsteroidal anti-Inflammatory drug,,,,,-0.27,...-,718,108,108.0
nsc19630,ctrp_NSC19630,Not Clinically Relevant,,0.363,,0.363,,.+..,109,272,109.0
hc-067047,ctrp_HC-067047,Not Clinically Relevant,,0.361,,0.361,,.+..,110,273,110.0
homoharringtonine,cmap_homoharringtonine,"natural product, protein translation inhibitor, used for myeloid leukemia",,,,,-0.305,...--,714,111,111.0
tg-100-115,ctrp_TG-100-115,PI3Kγ/δ inhibitor,,0.361,,0.361,,.+..,111,274,111.0
methoxsalen,cmap_methoxsalen,used for skin diseases such as vitiligo and psoriasis,,,,,-0.308,...-,719,112,112.0
pdmp,ctrp_PDMP,Not Clinically Relevant,,0.361,,0.361,,.+..,112,275,112.0
tegafur,cmap_tegafur,"antimetabolite, 5-fluorouracil analog, slowly metabolized to 5-FU",,,,,-0.318,...-,720,113,113.0
decitabine,ctrp_decitabine,"Nucleoside analog, inhibitor of DNA methylation and DNA synthesis (Dacogen)",,0.34600000000000003,,0.346,0.237,.+.+,149,77,113.0
nsc48300,ctrp_NSC48300,Not Clinically Relevant,,0.36,,0.36,,.+..,114,276,114.0
isox,ctrp_ISOX,Not Clinically Relevant,,0.36,,0.36,,.+..,115,277,115.0
pidorubicine,cmap_pidorubicine,"Analog of doxorubicin, DNA intercalator, Topo II antagonist",,,,,-0.32899999999999996,...-,721,115,115.0
ml162,ctrp_ML162,Not Clinically Relevant,,0.359,,0.359,,.+..,116,278,116.0
ku-0063794,ctrp_KU-0063794,Not Clinically Relevant,,0.359,,0.359,,.+..,117,279,117.0
gossypol,ctrp_gossypol,"Natural product, may function to inhibit Bcl2 family members",,0.34,,0.34,0.26899999999999996,.+.+,161,73,117.0
teniposide,ctrp_teniposide,Topo II inhibitor,,0.316,,0.316,0.867,.+.+,222,13,117.5
lomeguatrib,ctrp_lomeguatrib,"Inhibitor of MGMT, a DNA repair protein that confers resistance to alkylating agents such as Temozolomide, DTIC, Carmustine, etc. ",,0.358,,0.358,,.+..,118,280,118.0
vorinostat,gdsc_Vorinostat,HDAC inhibitor (SAHA),0.273,0.375,,0.324,0.695,++.+,206,32,119.0
pf-3758309,ctrp_PF-3758309,Not Clinically Relevant,,0.358,,0.358,,.+..,119,281,119.0
gw-843682x,ctrp_GW-843682X,Not Clinically Relevant,,0.35700000000000004,,0.357,,.+..,120,282,120.0
pandacostat,ctrp_pandacostat,Not Clinically Relevant,,0.35600000000000004,,0.356,,.+..,121,283,121.0
fludarabine,cmap_fludarabine,"purine analog, inhibits DNA synthesis by interfering with ribonucleotide reductase and DNA polymerase.",,,,,-0.41974999999999996,...+--,684,122,122.0
bendamustine,ctrp_bendamustine,alkylating agent,,0.355,,0.355,,.+..,122,284,122.0
lrrk2-in-1,ctrp_LRRK2-IN-1,Not Clinically Relevant,,0.355,,0.355,,.+..,123,285,123.0
alfuzosin,cmap_alfuzosin,"alpha-blocker. Causes smooth muscles in the bladder neck and prostate to relax, whcih improves urine flow and reduces the symptoms of BPH.",,,,,-0.428,...-,722,124,124.0
sildenafil,ctrp_sildenafil,"Viagra, used to treat erectile dysfunction and pulmonary arterial hypertension",,0.331,,0.331,0.35950000000000004,.+.++,184,65,124.5
imiquimod,cmap_imiquimod,"immune response modifier, used to treat genital warts, superficial basal cell carcinoma, and actinic keratosis. ",,,,,-0.442,...-,723,125,125.0
brd-k29086754,ctrp_BRD-K29086754,Not Clinically Relevant,,0.354,,0.354,,.+..,125,286,125.0
azd4547,ctrp_AZD4547,"FGFR-1,2 and 3 inhibitor",,0.353,,0.353,,.+..,126,287,126.0
granisetron,cmap_granisetron,5-HT3 receptor antagonist used as an antiemetic,,,,,-0.479,...-,724,126,126.0
yk 4-279,ctrp_YK 4-279,Not Clinically Relevant,,0.353,,0.353,,.+..,127,288,127.0
necrostatin-1,ctrp_necrostatin-1,Not Clinically Relevant,,0.353,,0.353,,.+..,128,289,128.0
pl-di,ctrp_PL-DI,Not Clinically Relevant,,0.353,,0.353,,.+..,129,290,129.0
brd-k02251932,ctrp_BRD-K02251932,Not Clinically Relevant,,0.353,,0.353,,.+..,130,291,130.0
npk76-ii-72-1,gdsc_NPK76-II-72-1,Not Clinically Relevant,0.35200000000000004,,,0.352,,+...,131,292,131.0
brd-k80183349,ctrp_BRD-K80183349,Not Clinically Relevant,,0.35200000000000004,,0.352,,.+..,132,293,132.0
pirarubicin,cmap_pirarubicin,"Analog of doxorubicin, DNA intercalator, Topo II antagonist",,,,,-0.521,...-,725,132,132.0
azd-6482,cmap_azd-6482,"PI3Kβ inhibitor, less active against PI3Kδ, PI3Kα and PI3Kγ ",,,,,-0.521,...-,726,133,133.0
brd8899,ctrp_BRD8899,Not Clinically Relevant,,0.35200000000000004,,0.352,,.+..,133,294,133.0
nsc 74859,ctrp_NSC 74859,Not Clinically Relevant,,0.35200000000000004,,0.352,,.+..,134,295,134.0
ml006,ctrp_ML006,Not Clinically Relevant,,0.35100000000000003,,0.351,,.+..,135,296,135.0
mitoxantrone,cmap_mitoxantrone,Topoisomerase II inhibitor; disrupts DNA synthesis and DNA repair ,,,,,-0.561,...-,727,135,135.0
vincristine,ctrp_vincristine,"binds tubulin, disrupts microtubule dynamics",,0.33899999999999997,,0.339,-0.23675000000000002,.+.+--,165,106,135.5
bromfenac,cmap_bromfenac,"Nonsteroidal anti-Inflammatory drug, used to treat inflammation, esp in the eye",,,,,-0.563,...-,728,136,136.0
hli 373,ctrp_HLI 373,Not Clinically Relevant,,0.35100000000000003,,0.351,,.+..,136,297,136.0
mitomycin,ctrp_mitomycin,"DNA Alkylator, works by cross-linking DNA and inhibiting DNA synthesis",,0.35,,0.35,,.+..,137,298,137.0
azd-7762,cmap_azd-7762, Chk1 / Chk2 inhibitor,,,,,-0.5660000000000001,...-,729,137,137.0
ubenimex,cmap_ubenimex,"inhibitor of the proinflammatory mediator, LTB4. Adjunct to chemotherapy for acute non-lymphocytic leukemia",,,,,-0.5820000000000001,...-,730,138,138.0
nsc95397,ctrp_NSC95397,Not Clinically Relevant,,0.35,,0.35,,.+..,138,299,138.0
myriocin,ctrp_myriocin,Not Clinically Relevant,,0.349,,0.349,,.+..,139,300,139.0
tamibarotene,cmap_tamibarotene,"retinobenzoic acid, synthetic retinoid used to treat APL",,,,,-0.606,...-,731,140,140.0
ro4929097,ctrp_RO4929097,Notch (gamma secretase) inhibitor,,0.349,,0.349,,.+..,140,301,140.0
triazolothiadiazine,ctrp_triazolothiadiazine,Not Clinically Relevant,,0.349,,0.349,,.+..,141,302,141.0
ml311,ctrp_ML311,Not Clinically Relevant,,0.349,,0.349,,.+..,142,303,142.0
ondansetron,cmap_ondansetron,"selective serotonin 5-HT3 receptor antagonist ,used to prevent nausea and vomiting caused by chemotherapy and radiotherapy",,,,,-0.613,...-,732,143,143.0
compound 23 citrate,ctrp_Compound 23 citrate,Not Clinically Relevant,,0.348,,0.348,,.+..,143,304,143.0
fqi-2,ctrp_FQI-2,Not Clinically Relevant,,0.348,,0.348,,.+..,144,305,144.0
brd-k19103580,ctrp_BRD-K19103580,Not Clinically Relevant,,0.348,,0.348,,.+..,145,306,145.0
manumycin a,ctrp_manumycin A,Not Clinically Relevant,,0.34700000000000003,,0.347,,.+..,147,307,147.0
cyproterone,cmap_cyproterone,steroidal antiandrogen,,,,,-0.7,...-,733,148,148.0
mi-2,ctrp_MI-2,Not Clinically Relevant,,0.34600000000000003,,0.346,,.+..,148,308,148.0
anastrozole,cmap_anastrozole,"aromatase inhibitor, blocks conversion of androgens to estrogens",,,,,-0.71,...-,734,149,149.0
tacedinaline,ctrp_tacedinaline,Not Clinically Relevant,,0.34600000000000003,,0.346,,.+..,150,309,150.0
cil70,ctrp_CIL70,Not Clinically Relevant,,0.344,,0.344,,.+..,151,310,151.0
brd-k41597374,ctrp_BRD-K41597374,Not Clinically Relevant,,0.344,,0.344,,.+..,152,311,152.0
propranolol,cmap_propranolol,"beta-blocker, used to treat high blood pressure, may have anti-cancer activity",,,,,-0.76,...-,735,152,152.0
belinostat,gdsc_Belinostat,HDAC inhibitor (PXD101),0.225,0.439,,0.332,-0.426,++.-,181,123,152.0
brd-k61166597,ctrp_BRD-K61166597,Not Clinically Relevant,,0.344,,0.344,,.+..,153,312,153.0
riluzole,cmap_riluzole,"Blocks TTX-sensitive sodium channels, and kainate and NMDA glutamate receptors",,,,,-0.764,...-,736,153,153.0
irinotecan,ccle_Irinotecan,"aka CPT-11, inhibitor of Topo I",,,0.284,0.284,0.919,..++,298,9,153.5
parbendazole,ctrp_parbendazole,Not Clinically Relevant,,0.34299999999999997,,0.343,,.+..,154,313,154.0
letrozole,cmap_letrozole,"nonsteroidal aromatase inhibitor, prevents estrogen production, used for breast cancer",,,,,-0.799,...-,737,154,154.0
bms-754807,gdsc_BMS-754807,Not Clinically Relevant,0.299,0.384,,0.342,,++..,155,314,155.0
pifithrin-mu,ctrp_pifithrin-mu,Not Clinically Relevant,,0.342,,0.342,,.+..,156,315,156.0
cimetidine,ctrp_cimetidine,(Tagamet) Antacid and antihistamine,,0.316,,0.316,-0.033999999999999975,.+.+-,221,92,156.5
erastin,ctrp_erastin,Not Clinically Relevant,,0.341,,0.341,,.+..,157,316,157.0
niclosamide,ctrp_niclosamide,"used to treat tapeworm infestations,  inhibits glucose uptake, oxidative phosphorylation, and anaerobic metabolism in the tapeworm",,0.33,,0.33,-0.48100000000000004,.+.-,189,127,158.0
vx-680,ctrp_VX-680,"VX-680, pan-Aurora inhibitor, mostly against Aurora A, less potent towards Aurora B/C",,0.341,,0.341,,.+..,158,317,158.0
sgx-523,ctrp_SGX-523, Met inhibitor,,0.34,,0.34,,.+..,159,318,159.0
gsk-1059615,cmap_gsk-1059615,PI3Kα/β/δ/γ and mTOR inhibitor,,,,,-0.833,...-,738,159,159.0
bix-01294,ctrp_BIX-01294,Not Clinically Relevant,,0.34,,0.34,,.+..,160,319,160.0
mesna,cmap_mesna,used to decrease the risk of bleeding from the bladder after cyclophosphamide,,,,,-0.858,...-,739,162,162.0
curcumin,ctrp_curcumin,"Natural Product, component of turmeric, may function as HDAC inhibitor",,0.322,,0.322,-0.36,.+.-,208,117,162.5
busulfan,cmap_busulfan,"alkylating agent, forms DNA-DNA intrastrand crosslinks, prevents DNA replication",,,,,-0.863,...-,740,163,163.0
jw-55,ctrp_JW-55,Not Clinically Relevant,,0.33899999999999997,,0.339,,.+..,164,320,164.0
stf-31,ctrp_STF-31,Not Clinically Relevant,,0.33899999999999997,,0.339,,.+..,166,321,166.0
ml031,ctrp_ML031,Not Clinically Relevant,,0.33799999999999997,,0.338,,.+..,167,322,167.0
metformin,cmap_metformin,Anti-diabetic AMPK Activator - mTOR Inhibitor - Autophagy inducer,,,,,-0.897,...-,741,167,167.0
brd-k84807411,ctrp_BRD-K84807411,Not Clinically Relevant,,0.337,,0.337,,.+..,168,323,168.0
ciclopirox,ctrp_ciclopirox,antifungal agent for topical dermatologic treatment of superficial mycoses,,0.337,,0.337,,.+..,169,324,169.0
tofacitinib,cmap_tofacitinib,JAK Kinase inhibitor,,,,,-0.9229999999999999,...-,742,170,170.0
brd-k16147474,ctrp_BRD-K16147474,Not Clinically Relevant,,0.336,,0.336,,.+..,170,325,170.0
topotecan,ccle_Topotecan,Topo I inhibitor,,0.36,0.25,0.305,-0.10749999999999998,.+++-,245,96,170.5
birb-796,ctrp_BIRB-796,Not Clinically Relevant,,0.336,,0.336,,.+..,171,326,171.0
cucurbitacin i,ctrp_cucurbitacin I,Not Clinically Relevant,,0.336,,0.336,,.+..,172,327,172.0
tandutinib,ctrp_tandutinib,"FLT3 antagonist, also inhibits PDGFR and c-Kit, ",,0.326,,0.326,-0.657,.+.-,200,146,173.0
necrosulfonamide,ctrp_necrosulfonamide,Not Clinically Relevant,,0.336,,0.336,,.+..,173,328,173.0
zstk-474,cmap_zstk-474,"PI3K inhibitor, inhibits all four PI3K isoforms, but most active against PI3Kδ",,,,,-0.9690000000000001,...-,743,174,174.0
brd-k44224150,ctrp_BRD-K44224150,Not Clinically Relevant,,0.335,,0.335,,.+..,174,329,174.0
byl-719,ctrp_BYL-719,PI3Kα inhibitor with minimal effect on PI3Kβ/γ/δ,,0.335,,0.335,,.+..,175,330,175.0
am-580,ctrp_AM-580,Not Clinically Relevant,,0.335,,0.335,,.+..,176,331,176.0
gsk461364,ctrp_GSK461364,"Plk1 inhibitor, less active against Plk2 and Plk3.",,0.33399999999999996,,0.334,,.+..,177,332,177.0
brd-k70511574,ctrp_BRD-K70511574,Not Clinically Relevant,,0.33299999999999996,,0.333,,.+..,178,333,178.0
su11274,ctrp_SU11274,Not Clinically Relevant,,0.33299999999999996,,0.333,,.+..,179,334,179.0
lbw242,ccle_LBW242,Not Clinically Relevant,,,0.33299999999999996,0.333,,..+.,180,335,180.0
tg-101348,ctrp_TG-101348,JAK2 inhibitor,,0.257,,0.257,0.831,.+.+,347,16,181.5
fsc231,ctrp_FSC231,Not Clinically Relevant,,0.332,,0.332,,.+..,182,336,182.0
jw-480,ctrp_JW-480,Not Clinically Relevant,,0.331,,0.331,,.+..,183,337,183.0
brd-k35604418,ctrp_BRD-K35604418,Not Clinically Relevant,,0.331,,0.331,,.+..,185,338,185.0
brd-k30019337,ctrp_BRD-K30019337,Not Clinically Relevant,,0.33,,0.33,,.+..,186,339,186.0
brd-k34222889,ctrp_BRD-K34222889,Not Clinically Relevant,,0.33,,0.33,,.+..,187,340,187.0
brd-k66532283,ctrp_BRD-K66532283,Not Clinically Relevant,,0.33,,0.33,,.+..,188,341,188.0
alvocidib,ctrp_alvocidib,"Flavopiridol, CDK inhibitor, works against CDK1, 2, 4, 6 and 9",,0.302,,0.302,-0.49700000000000005,.+.-,249,128,188.5
simvastatin,ctrp_simvastatin,"HMG-CoA reductase inhibitor,",,0.297,,0.297,-0.3705,.+.--,259,118,188.5
fulvestrant,ctrp_fulvestrant,selective estrogen receptor degrader (SERD),,0.261,,0.261,0.6135,.+.++,340,39,189.5
ml029,ctrp_ML029,Not Clinically Relevant,,0.32899999999999996,,0.329,,.+..,190,342,190.0
valdecoxib,ctrp_valdecoxib,"NSAID used in the treatment of osteoarthritis, rheumatoid arthritis",,0.261,,0.261,0.595,.+.+,339,41,190.0
pha-793887,gdsc_PHA-793887,"CDK inhibitor, esp CDK2, CDK5 and CDK7",0.29600000000000004,0.306,,0.301,-0.515,++.-,251,130,190.5
vorapaxar,ctrp_vorapaxar," thrombin receptor (protease-activated receptor, PAR-1) antagonist based on the natural product himbacine",,0.32799999999999996,,0.328,,.+..,191,343,191.0
mk-1775,ctrp_MK-1775,Wee1 kinase inhibitor,,0.32,,0.32,-0.953,.+.-,211,172,191.5
brd-k02492147,ctrp_BRD-K02492147,Not Clinically Relevant,,0.32799999999999996,,0.328,,.+..,192,344,192.0
pyr-41,ctrp_PYR-41,Not Clinically Relevant,,0.32799999999999996,,0.328,,.+..,193,345,193.0
etoposide,gdsc_Etoposide,Topo II inhibitor,-0.225,0.348,,0.061,0.9564999999999999,-+.++,382,5,193.5
gsk1059615,ctrp_GSK1059615,PI3Kα/β/δ/γ and mTOR inhibitor,,0.32799999999999996,,0.328,,.+..,194,346,194.0
brd1812,ctrp_BRD1812,Not Clinically Relevant,,0.327,,0.327,,.+..,195,347,195.0
at13387,ctrp_AT13387,Selective potent Hsp90 inhibitor,,0.327,,0.327,,.+..,196,348,196.0
etp-46464,ctrp_ETP-46464,Not Clinically Relevant,,0.327,,0.327,,.+..,197,349,197.0
methotrexate,ctrp_methotrexate,"antimetabolite, competitively inhibits dihydrofolate reductase (DHFR), inhibits synthesis of DNA, RNA, thymidylates, and proteins",0.26,0.201,,0.23,0.8170000000000001,++.+,377,18,197.5
at-406,ctrp_AT-406,Not Clinically Relevant,,0.326,,0.326,,.+..,198,350,198.0
nvp-bez235,ctrp_NVP-BEZ235,PI3K/mTOR inhibitor,,0.309,,0.309,-0.843,.+.-,237,160,198.5
ml083,ctrp_ML083,Not Clinically Relevant,,0.326,,0.326,,.+..,199,351,199.0
clofarabine,ctrp_clofarabine,purine nucleoside antimetabolite,,0.287,,0.287,-0.295,.+.-,289,110,199.5
cay10618,ctrp_CAY10618,Not Clinically Relevant,,0.326,,0.326,,.+..,201,352,201.0
obatoclax,ctrp_obatoclax,Not Clinically Relevant,,0.271,,0.271,0.184,.+.+,325,78,201.5
kx2-391,ctrp_KX2-391,Src inhibitor (peptidomimetic) that targets the peptide substrate site of Src,,0.325,,0.325,,.+..,202,353,202.0
ouabain,ctrp_ouabain,Not Clinically Relevant,,0.325,,0.325,,.+..,203,354,203.0
plx-4032,ctrp_PLX-4032,BRAF (V600E) inhibitor,,0.324,,0.324,,.+..,204,355,204.0
gemcitabine,gdsc_Gemcitabine,"Nucleoside analog,incorporation into DNA creates an irreparable error that leads to inhibition of further DNA synthesis",-0.261,0.293,,0.016,0.795,-+.+,388,21,204.5
sn-38,gdsc_SN-38,"Topo I inhibitor, active metabolite of irinotecan but 1000 times more active",-0.32,0.354,,0.017,0.78,-+.+,387,22,204.5
serdemetan,gdsc_Serdemetan,"(JNJ-26854165) Mdm2 antagonist, stabilizes p53",-0.33,0.439,,0.054,0.7509999999999999,-+.+,383,26,204.5
cd-437,ctrp_CD-437,Not Clinically Relevant,,0.324,,0.324,,.+..,205,356,205.0
fluvastatin,ctrp_fluvastatin,"HMG-CoA reductase inhibitor,",,0.29600000000000004,,0.296,-0.75,.+.-,262,151,206.5
dacarbazine,ctrp_dacarbazine,"alkylating agent, Dacarbazine works by methylating guanine at the O-6 and N-7 positions",,0.322,,0.322,,.+..,207,357,207.0
dexamethasone,ctrp_dexamethasone,"synthetic corticosteroid, used to reduce inflammation",,0.243,,0.243,0.48831250000000004,.+.++++++,366,49,207.5
triptolide,ctrp_triptolide,"diterpenoid epoxide from thunder god vine, may act on the XBP helicase that is a part of the TFIIH transcription factor complex",,0.271,,0.271,0.03849999999999998,.+.+-,327,89,208.0
temozolomide,gdsc_Temozolomide,alkylating agent,-0.41200000000000003,0.316,,-0.048,0.889,-+.+,407,11,209.0
nintedanib,ctrp_nintedanib,"tyrosine-kinase inhibitor, targeting VEGFR, FGFR and PDGFR",,0.322,,0.322,,.+..,209,358,209.0
bardoxolone methyl,ctrp_bardoxolone methyl,Not Clinically Relevant,,0.322,,0.322,,.+..,210,359,210.0
brd-k66453893,ctrp_BRD-K66453893,Not Clinically Relevant,,0.319,,0.319,,.+..,212,360,212.0
pitstop2,ctrp_pitstop2,Not Clinically Relevant,,0.319,,0.319,,.+..,213,361,213.0
srt-1720,ctrp_SRT-1720,Not Clinically Relevant,,0.319,,0.319,,.+..,214,362,214.0
brd-k86535717,ctrp_BRD-K86535717,Not Clinically Relevant,,0.318,,0.318,,.+..,215,363,215.0
lovastatin,ctrp_lovastatin,"HMG-CoA reductase inhibitor,",,0.245,,0.245,0.341,.+.+,364,67,215.5
ko-143,ctrp_Ko-143,Not Clinically Relevant,,0.318,,0.318,,.+..,216,364,216.0
tamoxifen,gdsc_Tamoxifen,"ER antagonist prodrug; converted to 4-OHT and endoxifen in the liver; competes with estrogen for ER binding, inhibits transcription of estrogen target genes",-0.35200000000000004,0.39399999999999996,,0.021,0.4925,-+.+++,385,48,216.5
ch-55,ctrp_Ch-55,Not Clinically Relevant,,0.317,,0.317,,.+..,217,365,217.0
olaparib,gdsc_Olaparib,PARP Inhibitor,-0.39299999999999996,0.449,,0.028,0.475,-+.+,384,51,217.5
brd-k75293299,ctrp_BRD-K75293299,Not Clinically Relevant,,0.317,,0.317,,.+..,218,366,218.0
b02,ctrp_B02,Not Clinically Relevant,,0.316,,0.316,,.+..,219,367,219.0
neuronal differentiation inducer iii,ctrp_neuronal differentiation inducer III,Not Clinically Relevant,,0.316,,0.316,,.+..,220,368,220.0
tretinoin,gdsc_Tretinoin,Retinoid,-0.564,0.451,,-0.056,0.709,-+.++,412,31,221.5
tipifarnib-p2,ctrp_tipifarnib-P2,Not Clinically Relevant,,0.315,,0.315,,.+..,223,369,223.0
bi-2536,gdsc_BI-2536,"Plk1 inhibitor, less active against Plk2 and Plk3.",-0.313,0.325,,0.006,0.461,-+.+,394,53,223.5
prochlorperazine,ctrp_prochlorperazine,"dopamine (D2) receptor antagonist, used for treatment of nausea and vertigo.",,0.265,,0.265,-0.35700000000000004,.+.-,332,116,224.0
brd-a86708339,ctrp_BRD-A86708339,Not Clinically Relevant,,0.315,,0.315,,.+..,224,370,224.0
gdc-0941,ctrp_GDC-0941,"Pictilisib, potent inhibitor of PI3Kα/δ, with modest selectivity against p110β (11-fold) and p110γ",,0.287,,0.287,-0.852,.+.-,288,161,224.5
merck60,ctrp_Merck60,Not Clinically Relevant,,0.314,,0.314,,.+..,225,371,225.0
cerulenin,ctrp_cerulenin,Not Clinically Relevant,,0.313,,0.313,,.+..,226,372,226.0
brd-k78574327,ctrp_BRD-K78574327,Not Clinically Relevant,,0.313,,0.313,,.+..,227,373,227.0
nsc632839,ctrp_NSC632839,Not Clinically Relevant,,0.312,,0.312,,.+..,228,374,228.0
cd-1530,ctrp_CD-1530,Not Clinically Relevant,,0.312,,0.312,,.+..,229,375,229.0
nakiterpiosin,ctrp_nakiterpiosin,Not Clinically Relevant,,0.312,,0.312,,.+..,230,376,230.0
brd-a94377914,ctrp_BRD-A94377914,Not Clinically Relevant,,0.312,,0.312,,.+..,231,377,231.0
sorafenib,gdsc_Sorafenib,"VEGFR, PDGFR and Raf (c-Raf) inhibitor",-0.528,0.324,-0.264,-0.156,0.655,-+-++,427,37,232.0
hg-5-113-01,gdsc_HG-5-113-01,Not Clinically Relevant,0.311,,,0.311,,+...,232,378,232.0
pf-573228,ctrp_PF-573228,Not Clinically Relevant,,0.31,,0.31,,.+..,233,379,233.0
fluorouracil,ctrp_fluorouracil,antimetabolite,,0.31,,0.31,,.+..,234,380,234.0
osi-027,gdsc_OSI-027,Not Clinically Relevant,0.244,0.309,,0.276,-0.8270000000000001,++.-,311,158,234.5
3-cl-ahpc,ctrp_3-Cl-AHPC,Not Clinically Relevant,,0.31,,0.31,,.+..,235,381,235.0
doxorubicin,gdsc_Doxorubicin,"Topo II inhibitor, DNA intercalator",-0.266,0.305,,0.019,0.11275000000000002,-+.++-,386,86,236.0
cil56,ctrp_CIL56,Not Clinically Relevant,,0.309,,0.309,,.+..,236,382,236.0
sunitinib,gdsc_Sunitinib,"VEGFR2, PDGFRb and c-kit inhibitor; also inhibits FLT3",-0.41700000000000004,0.312,,-0.053,0.36,-+.++,410,64,237.0
gsk-3 inhibitor ix,ctrp_GSK-3 inhibitor IX,Not Clinically Relevant,,0.309,,0.309,,.+..,238,383,238.0
daporinad,ctrp_daporinad,"inhibits biosynthesis of (NAD+ from niacinamide (vitamin B3), which may deplete energy reserves in metabolically active tumor cells",0.314,0.304,,0.309,,++..,239,384,239.0
qs-11,ctrp_QS-11,Not Clinically Relevant,,0.309,,0.309,,.+..,240,385,240.0
chm-1,ctrp_CHM-1,Not Clinically Relevant,,0.309,,0.309,,.+..,241,386,241.0
sirolimus,ctrp_sirolimus,"rapamycin, mTOR inhibitor",,0.258,,0.258,-0.600375,.+.-----,344,139,241.5
rigosertib,ctrp_rigosertib,"ON-01910, Plk-1 inhibitor",,0.307,,0.307,,.+..,242,387,242.0
prl-3 inhibitor i,ctrp_PRL-3 inhibitor I,Not Clinically Relevant,,0.306,,0.306,,.+..,243,388,243.0
brd-k37390332,ctrp_BRD-K37390332,Not Clinically Relevant,,0.305,,0.305,,.+..,244,389,244.0
brd-k85133207,ctrp_BRD-K85133207,Not Clinically Relevant,,0.303,,0.303,,.+..,246,390,246.0
ym-155,ctrp_YM-155,"YM155 (Sepantronium Bromide), survivin suppressant ",,0.254,,0.254,-0.61,.+.-,351,142,246.5
silmitasertib,ctrp_silmitasertib,casein kinase 2 inhibitor ,,0.302,,0.302,,.+..,247,391,247.0
docetaxel,gdsc_Docetaxel,inhibits microtubule dynamics; semi-synthetic analogue of paclitaxel,-0.319,0.32299999999999995,,0.002,-0.199,-+.+-,395,101,248.0
purmorphamine,ctrp_purmorphamine,Not Clinically Relevant,,0.302,,0.302,,.+..,248,392,248.0
mk-2206,gdsc_MK-2206,Akt1/2/3 inhibitor,-0.32299999999999995,0.319,,-0.002,-0.204,-+.-,396,102,249.0
importazole,ctrp_importazole,Not Clinically Relevant,,0.301,,0.301,,.+..,250,393,250.0
sch-79797,ctrp_SCH-79797,Not Clinically Relevant,,0.301,,0.301,,.+..,252,394,252.0
sb-525334,ctrp_SB-525334,Not Clinically Relevant,,0.3,,0.3,,.+..,253,395,253.0
prima-1,ctrp_PRIMA-1,Not Clinically Relevant,,0.299,,0.299,,.+..,254,396,254.0
lapatinib,ctrp_lapatinib,HER2/EGFR inhibitor,-0.297,-0.315,-0.28300000000000003,-0.298,0.8985,---++,498,10,254.0
tgx-221,ctrp_TGX-221,Not Clinically Relevant,,0.298,,0.298,,.+..,255,397,255.0
canertinib,ctrp_canertinib,"pan-ErbB inhibitor for EGFR and ErbB2,  no activity to PDGFR, FGFR, InsR, PKC, or CDK1/2/4. ",,-0.271,,-0.271,0.552,.-.+,467,43,255.0
nvp-231,ctrp_NVP-231,Not Clinically Relevant,,0.298,,0.298,,.+..,256,398,256.0
bleomycin a2,ctrp_bleomycin A2,"Induces DNA strand breaks, inhibits incorporation of thymidine into DNA strands.",,0.298,,0.298,,.+..,257,399,257.0
n9-isopropylolomoucine,ctrp_N9-isopropylolomoucine,Not Clinically Relevant,,0.297,,0.297,,.+..,258,400,258.0
cytochalasin b,ctrp_cytochalasin B,Not Clinically Relevant,,0.297,,0.297,,.+..,260,401,260.0
kh-cb19,ctrp_KH-CB19,Not Clinically Relevant,,0.29600000000000004,,0.296,,.+..,261,402,261.0
mitomycin-c,gdsc_Mitomycin-C,"DNA Alkylator, works by cross-linking DNA and inhibiting DNA synthesis",-0.222,,,-0.222,0.05299999999999999,-..+-,436,88,262.0
neratinib,ctrp_neratinib,Her2 and EGFR inhibitor,,-0.257,,-0.257,0.301,.-.+,455,71,263.0
salermide,ctrp_salermide,Not Clinically Relevant,,0.29600000000000004,,0.296,,.+..,263,403,263.0
zm447439,gdsc_ZM447439,Not Clinically Relevant,0.29600000000000004,,,0.296,,+...,264,404,264.0
sr-ii-138a,ctrp_SR-II-138A,Not Clinically Relevant,,0.295,,0.295,,.+..,265,405,265.0
temsirolimus,gdsc_Temsirolimus,Not Clinically Relevant,-0.433,0.284,,-0.075,-0.319,-+.-,416,114,265.0
tamatinib,ctrp_tamatinib,(R4060) inhibitor of IgE and IgG-mediated activation of Fc receptor signaling. Primary target is Syk,,0.295,,0.295,,.+..,266,406,266.0
momelotinib,ctrp_momelotinib,JAK1 and JAK2 inhibitor,,0.295,,0.295,,.+..,267,407,267.0
narciclasine,ctrp_narciclasine,Not Clinically Relevant,,0.295,,0.295,,.+..,268,408,268.0
vinorelbine,gdsc_Vinorelbine,Not Clinically Relevant,-0.253,,,-0.253,0.15625000000000003,-..++-,452,85,268.5
methylstat,ctrp_methylstat,Not Clinically Relevant,,0.295,,0.295,,.+..,269,409,269.0
masitinib,gdsc_Masitinib,"tyrosine-kinase inhibitor used in the treatment of mast cell tumors in animals, specifically dogs",-0.45299999999999996,0.268,,-0.092,-0.38,-+.-,419,119,269.0
cr-1-31b,ctrp_CR-1-31B,Not Clinically Relevant,,0.293,,0.293,,.+..,270,410,270.0
at7867,ctrp_AT7867,Not Clinically Relevant,,0.293,,0.293,,.+..,271,411,271.0
paclitaxel,gdsc_Paclitaxel,disrupts microtubule dynamics,-0.368,0.292,-0.235,-0.104,-0.4105,-+---,423,121,272.0
abiraterone,ctrp_abiraterone,steroidal CYP17A1 inhibitor and androgen synthesis inhibitor ,,-0.26899999999999996,,-0.269,0.182,.-.+,465,79,272.0
brd-k96431673,ctrp_BRD-K96431673,Not Clinically Relevant,,0.293,,0.293,,.+..,272,412,272.0
cil55a,ctrp_CIL55A,Not Clinically Relevant,,0.292,,0.292,,.+..,273,413,273.0
az-3146,ctrp_AZ-3146,Not Clinically Relevant,,0.292,,0.292,,.+..,274,414,274.0
cal-101,ctrp_CAL-101,"Idelalisib,  PI3K/p110δ inhibitor",,0.292,,0.292,,.+..,275,415,275.0
tivozanib,gdsc_Tivozanib,VEGFR inhibitor,-0.531,0.34,,-0.096,-0.509,-+.-,422,129,275.5
sb-743921,ctrp_SB-743921,kinesin spindle protein (KSP) inhibitor,,0.292,,0.292,,.+..,276,416,276.0
leptomycin b,ctrp_leptomycin B,Not Clinically Relevant,,0.29100000000000004,,0.291,,.+..,277,417,277.0
entinostat,gdsc_Entinostat,HDAC inhibitor,-0.298,0.314,,0.008,-0.873,-+.-,392,164,278.0
phloretin,ctrp_phloretin,Not Clinically Relevant,,0.29100000000000004,,0.291,,.+..,278,418,278.0
crizotinib,gdsc_Crizotinib,"ALK, ROS1 and MET inhibitor",-0.613,0.358,,-0.128,-0.521,-+.-,425,131,278.0
agk-2,ctrp_AGK-2,Not Clinically Relevant,,0.289,,0.289,,.+..,279,419,279.0
cyanoquinoline 11,ctrp_cyanoquinoline 11,Not Clinically Relevant,,0.289,,0.289,,.+..,280,420,280.0
nsc-207895,gdsc_NSC-207895,Not Clinically Relevant,0.289,,,0.289,,+...,281,421,281.0
ifosfamide,ctrp_ifosfamide,"alkylating agent, nitrogen mustard family, works by disrupting the duplication of DNA and the creation of RNA",,0.289,,0.289,,.+..,282,422,282.0
gw-405833,ctrp_GW-405833,Not Clinically Relevant,,0.289,,0.289,,.+..,283,423,283.0
pi-103,gdsc_PI-103,Not Clinically Relevant,0.21899999999999997,0.359,,0.289,,++..,284,424,284.0
pazopanib,gdsc_Pazopanib,"KIT, FGFR, PDGFR and VEGFR inhibitor",-0.444,0.332,,-0.056,-0.816,-+.-,413,156,284.5
smer-3,ctrp_SMER-3,Not Clinically Relevant,,0.289,,0.289,,.+..,285,425,285.0
vinblastine,gdsc_Vinblastine,"disrupts microtubule dynamics; vinca alkaloid, chemical analogue of vincristine",-0.278,,,-0.278,-0.09249999999999997,-..+-,476,95,285.5
ku-60019,ctrp_KU-60019,Not Clinically Relevant,,0.28800000000000003,,0.288,,.+..,286,426,286.0
ym201636,gdsc_YM201636,Not Clinically Relevant,0.287,,,0.287,,+...,287,427,287.0
panobinostat,ccle_Panobinostat,HDAC inhibitor,,,-0.337,-0.337,0.716,..-+,545,29,287.0
linifanib,gdsc_Linifanib,"RTK inhibitor, targets VEGFR, PDGFR, KDR, and CSF-1R",-0.638,0.3,,-0.169,-0.7170000000000001,-+.-,429,150,289.5
ml312,ctrp_ML312,Not Clinically Relevant,,0.287,,0.287,,.+..,290,428,290.0
mk-0752,ctrp_MK-0752,Notch (gamma secretase) inhibitor,,0.287,,0.287,,.+..,291,429,291.0
wz4002,ctrp_WZ4002,Not Clinically Relevant,,0.287,,0.287,,.+..,292,430,292.0
marinopyrrole a,ctrp_marinopyrrole A,Not Clinically Relevant,,0.28600000000000003,,0.286,,.+..,293,431,293.0
ml258,ctrp_ML258,Not Clinically Relevant,,0.28600000000000003,,0.286,,.+..,294,432,294.0
phenformin,gdsc_Phenformin,Anti-diabetic AMPK Activator - mTOR Inhibitor - Autophagy inducer,-0.243,,,-0.243,-0.626,-..-,444,144,294.0
wz3105,gdsc_WZ3105,Not Clinically Relevant,0.28600000000000003,,,0.286,,+...,295,433,295.0
quizartinib,gdsc_Quizartinib,Flt3 inhibitor,-0.56,0.29,,-0.135,-0.888,-+.-,426,165,295.5
oligomycin a,ctrp_oligomycin A,Not Clinically Relevant,,0.285,,0.285,,.+..,296,434,296.0
jq-1,ctrp_JQ-1,Not Clinically Relevant,,0.285,,0.285,,.+..,297,435,297.0
pifithrin-alpha,ctrp_pifithrin-alpha,Not Clinically Relevant,,0.28300000000000003,,0.283,,.+..,299,436,299.0
qw-bi-011,ctrp_QW-BI-011,Not Clinically Relevant,,0.28300000000000003,,0.283,,.+..,300,437,300.0
ruxolitinib,gdsc_Ruxolitinib,"JAK1/2 inhibitor, used for myelofibrosis and polycythemia vera",-0.69,0.358,,-0.166,-0.96,-+.-,428,173,300.5
pf-750,ctrp_PF-750,Not Clinically Relevant,,0.28300000000000003,,0.283,,.+..,301,438,301.0
fqi-1,ctrp_FQI-1,Not Clinically Relevant,,0.282,,0.282,,.+..,302,439,302.0
azd7545,ctrp_AZD7545,Not Clinically Relevant,,0.281,,0.281,,.+..,303,440,303.0
cytarabine,gdsc_Cytarabine,"antimetabolite, causes DNA damage,  inhibits both DNA and RNA polymerases and nucleotide reductase enzymes needed for DNA synthesis",-0.336,,,-0.336,0.37200000000000005,-..+,544,62,303.0
sch-529074,ctrp_SCH-529074,Not Clinically Relevant,,0.28,,0.28,,.+..,304,441,304.0
wp1130,ctrp_WP1130,Not Clinically Relevant,,0.278,,0.278,,.+..,305,442,305.0
unc0638,gdsc_UNC0638,Not Clinically Relevant,0.24600000000000002,0.31,,0.278,,++..,306,443,306.0
dinaciclib,ctrp_dinaciclib,"CDK inhibitor, esp CDK1, 2, 5, and 9",,0.278,,0.278,,.+..,307,444,307.0
lenalidomide,gdsc_Lenalidomide,"derivative of thalidomide, which interacts with the ubiquitin E3 ligase cereblon, targeting this enzyme to degrade the Ikaros transcription factors IKZF1 and IKZF3. Used for multiple myeloma",-0.386,,,-0.386,0.925,-..+,607,8,307.5
tosedostat,ctrp_tosedostat,inhibitor of the M1 family of aminopeptidases,,0.27699999999999997,,0.277,,.+..,308,445,308.0
pyrazolanthrone,ctrp_pyrazolanthrone,Not Clinically Relevant,,0.27699999999999997,,0.277,,.+..,309,446,309.0
brd9876,ctrp_BRD9876,Not Clinically Relevant,,0.27699999999999997,,0.277,,.+..,310,447,310.0
nilotinib,ccle_Nilotinib,"inhibits the kinases BCR-ABL,[26] KIT, LCK, EPHA3, EPHA8, DDR1, DDR2, PDGFRB, MAPK11 and ZAK",-0.22899999999999998,-0.353,-0.379,-0.32,-0.19699999999999998,----,521,100,310.5
bax channel blocker,ctrp_Bax channel blocker,Not Clinically Relevant,,0.276,,0.276,,.+..,312,448,312.0
regorafenib,ctrp_regorafenib,VEGFR2-TIE2 inhibitor ,,0.276,,0.276,,.+..,313,449,313.0
semagacestat,ctrp_semagacestat,Notch (gamma secretase) inhibitor,,0.275,,0.275,,.+..,314,450,314.0
nvp-bsk805,ctrp_NVP-BSK805,Not Clinically Relevant,,0.275,,0.275,,.+..,315,451,315.0
brd-k45681478,ctrp_BRD-K45681478,Not Clinically Relevant,,0.275,,0.275,,.+..,316,452,316.0
gefitinib,gdsc_Gefitinib,EGFR inhibitor (Iressa),-0.51,-0.254,,-0.382,0.6890000000000001,--.+,599,34,316.5
mps-1-in-1,gdsc_MPS-1-IN-1,Not Clinically Relevant,0.275,,,0.275,,+...,317,453,317.0
erismodegib,ctrp_erismodegib,Hedgehog (Smoothened) antagonist (LDE225),,-0.327,,-0.327,-0.14300000000000002,.-.-,536,98,317.0
i-bet151,ctrp_I-BET151,Not Clinically Relevant,,0.275,,0.275,,.+..,318,454,318.0
tw-37,ctrp_TW-37,Not Clinically Relevant,,0.27399999999999997,,0.274,,.+..,319,455,319.0
wz8040,ctrp_WZ8040,Not Clinically Relevant,,0.27399999999999997,,0.274,,.+..,320,456,320.0
saracatinib,gdsc_Saracatinib,"kinase inhibitor, with selectivity against Src and Bcr-Abl",-0.336,-0.259,,-0.298,-0.606,--.-,499,141,320.0
procarbazine,ctrp_procarbazine,alkylating agent,,-0.345,,-0.345,0.087,.-.+,554,87,320.5
unc0321,ctrp_UNC0321,Not Clinically Relevant,,0.27399999999999997,,0.274,,.+..,321,457,321.0
zg-10,gdsc_ZG-10,Not Clinically Relevant,0.273,,,0.273,,+...,322,458,322.0
bosutinib,gdsc_Bosutinib,"BCR-Abl, Src, Lyn and Hck inhibitor",-0.502,-0.254,,-0.378,0.48,--.+,596,50,323.0
ex-527,ctrp_EX-527,SIRT1 inhibitor,,0.273,,0.273,,.+..,323,459,323.0
palbociclib,gdsc_Palbociclib,CDK4/6 inhibitor,-0.344,,,-0.344,-0.059000000000000004,-..-,553,94,323.5
cay10594,ctrp_CAY10594,Not Clinically Relevant,,0.272,,0.272,,.+..,324,460,324.0
ciclosporin,ctrp_ciclosporin,,,0.271,,0.271,,.+..,326,461,326.0
etomoxir,ctrp_etomoxir,"agonist of PPARα, inhibitor of carnitine palmitoyltransferase-1 (CPT-1)",,-0.349,,-0.349,0.034499999999999975,.-.+-,563,90,326.5
cyclophosphamide,ctrp_cyclophosphamide,"alkylating agent, nitrogen mustard family, works by disrupting the duplication of DNA and the creation of RNA (Cytoxan)",,-0.298,,-0.298,-0.815,.-.-,500,155,327.5
gant-61,ctrp_GANT-61,Not Clinically Relevant,,0.271,,0.271,,.+..,328,462,328.0
brd-k34099515,ctrp_BRD-K34099515,Not Clinically Relevant,,0.27,,0.27,,.+..,329,463,329.0
brd-k96970199,ctrp_BRD-K96970199,Not Clinically Relevant,,0.26899999999999996,,0.269,,.+..,330,464,330.0
trifluoperazine,ctrp_trifluoperazine,"antipsychotic, antiadrenergic and antidopaminergic. Blocks dopamine D1 and D2 receptors ",,-0.32299999999999995,,-0.323,-0.537,.-.-,526,134,330.0
gsk525762a,ctrp_GSK525762A,Not Clinically Relevant,,0.268,,0.268,,.+..,331,465,331.0
ly-2157299,ctrp_LY-2157299,Not Clinically Relevant,,0.264,,0.264,,.+..,333,466,333.0
brd-k97651142,ctrp_BRD-K97651142,Not Clinically Relevant,,0.263,,0.263,,.+..,334,467,334.0
r428,ctrp_R428,Not Clinically Relevant,,0.263,,0.263,,.+..,335,468,335.0
ml210,ctrp_ML210,Not Clinically Relevant,,0.262,,0.262,,.+..,336,469,336.0
mln2238,ctrp_MLN2238,"Ixazomib, Proteasome inhibitor, inhibits the chymotrypsin-like proteolytic (β5) site of the 20S proteasome ",,0.262,,0.262,,.+..,337,470,337.0
selumetinib,gdsc_Selumetinib,MEK1 inhibitor,-0.511,-0.261,,-0.386,0.316,--.+,605,69,337.0
le-135,ctrp_LE-135,Not Clinically Relevant,,0.261,,0.261,,.+..,338,471,338.0
afatinib,gdsc_Afatinib,EGFR and ErbB2 inhibitor,-0.539,-0.322,,-0.43,0.519,--.+,629,47,338.0
brd-a02303741,ctrp_BRD-A02303741,Not Clinically Relevant,,0.259,,0.259,,.+..,341,472,341.0
gsk2636771,ctrp_GSK2636771,"PI3K beta inhibitor, >900-fold selectivity over PI3Kα/PI3Kγ and >10-fold over PI3Kδ. ",,0.258,,0.258,,.+..,342,473,342.0
brd-k41334119,ctrp_BRD-K41334119,Not Clinically Relevant,,0.258,,0.258,,.+..,343,474,343.0
imatinib,ctrp_imatinib,"Bcr-abl, c-kit and PDGFR inhibitor",-0.28800000000000003,-0.361,,-0.324,-0.8190000000000001,--.-,530,157,343.5
brd-k48334597,ctrp_BRD-K48334597,Not Clinically Relevant,,0.258,,0.258,,.+..,345,475,345.0
stemregenin 1,ctrp_StemRegenin 1,Not Clinically Relevant,,0.258,,0.258,,.+..,346,476,346.0
azacitidine,ctrp_azacitidine,"Nucleoside analog, inhibitor of DNA methylation and DNA/RNA synthesis (Vidaza)",,-0.324,,-0.324,-0.895,.-.-,527,166,346.5
bicalutamide,gdsc_Bicalutamide,"antiandrogen, used to treat prostate cancer",-0.364,,,-0.364,-0.278,-..-,585,109,347.0
"1s,3r-rsl-3","ctrp_1S,3R-RSL-3",Not Clinically Relevant,,0.256,,0.256,,.+..,348,477,348.0
aew541,ccle_AEW541,Not Clinically Relevant,,,0.256,0.256,,..+.,349,478,349.0
ml320,ctrp_ML320,Not Clinically Relevant,,0.254,,0.254,,.+..,350,479,350.0
erlotinib,ctrp_erlotinib,EGFR inhibitor (Tarceva),-0.299,-0.368,-0.31,-0.326,-0.929,----,532,171,351.5
neopeltolide,ctrp_neopeltolide,Not Clinically Relevant,,0.253,,0.253,,.+..,352,480,352.0
palmostatin b,ctrp_palmostatin B,Not Clinically Relevant,,0.252,,0.252,,.+..,353,481,353.0
cx-5461,gdsc_CX-5461,Not Clinically Relevant,0.251,,,0.251,,+...,354,482,354.0
hbx-41108,ctrp_HBX-41108,Not Clinically Relevant,,0.251,,0.251,,.+..,355,483,355.0
brd4132,ctrp_BRD4132,Not Clinically Relevant,,0.249,,0.249,,.+..,356,484,356.0
ar-42,gdsc_AR-42,Not Clinically Relevant,0.248,,,0.248,,+...,357,485,357.0
ku 0060648,ctrp_KU 0060648,Not Clinically Relevant,,0.248,,0.248,,.+..,358,486,358.0
dbeq,ctrp_DBeQ,Not Clinically Relevant,,0.247,,0.247,,.+..,359,487,359.0
genentech cpd 10,gdsc_Genentech Cpd 10,Not Clinically Relevant,0.247,,,0.247,,+...,360,488,360.0
tigecycline,ctrp_tigecycline,antibiotic used to treat a number of bacterial infections,,0.247,,0.247,,.+..,361,489,361.0
dasatinib,gdsc_Dasatinib,"BCR-Abl, Src, c-Kit inhibitor",-0.4,-0.318,,-0.359,-0.67,--.-,576,147,361.5
sid 26681509,ctrp_SID 26681509,Not Clinically Relevant,,0.24600000000000002,,0.246,,.+..,362,490,362.0
5-fluorouracil,gdsc_5-Fluorouracil,antimetabolite,0.24600000000000002,,,0.246,,+...,363,491,363.0
veliparib,gdsc_Veliparib,PARP inhibitor.,-0.39899999999999997,-0.297,,-0.348,-0.903,--.-,561,168,364.5
mln2480,ctrp_MLN2480,"TAK-580, pan-Raf kinase inhibitor",,0.244,,0.244,,.+..,365,492,365.0
brd-k27224038,ctrp_BRD-K27224038,Not Clinically Relevant,,0.243,,0.243,,.+..,367,493,367.0
ci-976,ctrp_CI-976,Not Clinically Relevant,,0.242,,0.242,,.+..,368,494,368.0
jw-7-24-1,gdsc_JW-7-24-1,Not Clinically Relevant,0.24100000000000002,,,0.241,,+...,369,495,369.0
ql-x-138,gdsc_QL-X-138,Not Clinically Relevant,0.24100000000000002,,,0.241,,+...,370,496,370.0
myricetin,ctrp_myricetin,Not Clinically Relevant,,0.24100000000000002,,0.241,,.+..,371,497,371.0
sns-032,ctrp_SNS-032,"CDK inhibitor, esp CDK2 , 7 and 9 ",,0.23800000000000002,,0.238,,.+..,372,498,372.0
brd-k01737880,ctrp_BRD-K01737880,Not Clinically Relevant,,0.23399999999999999,,0.234,,.+..,373,499,373.0
cay10603,gdsc_CAY10603,Not Clinically Relevant,0.23199999999999998,,,0.232,,+...,374,500,374.0
vandetanib,ctrp_vandetanib,"VEGFR, EGFR and RET inhibitor",,0.23199999999999998,,0.232,,.+..,375,501,375.0
blebbistatin,ctrp_blebbistatin,Not Clinically Relevant,,0.23,,0.23,,.+..,376,502,376.0
cudc-101,gdsc_CUDC-101,Not Clinically Relevant,0.22899999999999998,,,0.229,,+...,378,503,378.0
brd-k30748066,ctrp_BRD-K30748066,Not Clinically Relevant,,0.19399999999999998,,0.194,,.+..,379,504,379.0
brd-k09344309,ctrp_BRD-K09344309,Not Clinically Relevant,,0.19,,0.19,,.+..,380,505,380.0
thz-2-102-1,gdsc_THZ-2-102-1,Not Clinically Relevant,0.182,,,0.182,,+...,381,506,381.0
l-685458,ccle_L-685458,Not Clinically Relevant,,0.32799999999999996,-0.301,0.013,,.+-.,389,507,389.0
pik-93,gdsc_PIK-93,Not Clinically Relevant,-0.29600000000000004,0.322,,0.013,,-+..,390,508,390.0
raf265,ccle_RAF265,inhibitor of C-Raf/B-Raf/B-Raf V600E,,0.27,-0.252,0.009,,.+-.,391,509,391.0
azd7762,gdsc_AZD7762, Chk1 / Chk2 inhibitor,-0.275,0.29,,0.007,,-+..,393,510,393.0
tozasertib,gdsc_Tozasertib,"VX-680, pan-Aurora inhibitor, mostly against Aurora A, less potent towards Aurora B/C",-0.485,,,-0.485,-0.64,-..--,648,145,396.5
snx-2112,gdsc_SNX-2112,Not Clinically Relevant,-0.256,0.25,,-0.003,,-+..,397,511,397.0
zstk474,gdsc_ZSTK474,"PI3K inhibitor, inhibits all four PI3K isoforms, but most active against PI3Kδ",-0.318,0.295,,-0.012,,-+..,398,512,398.0
bms-536924,gdsc_BMS-536924,Not Clinically Relevant,-0.364,0.337,,-0.013,,-+..,399,513,399.0
nutlin-3,ccle_Nutlin-3,"Mdm2 antagonist, stabilizes p53 ",,0.303,-0.331,-0.014,,.+-.,400,514,400.0
piperlongumine,gdsc_Piperlongumine,Not Clinically Relevant,-0.34700000000000003,0.28600000000000003,,-0.03,,-+..,401,515,401.0
azd8055,gdsc_AZD8055,mTOR inhibitor,-0.33,0.265,,-0.032,,-+..,402,516,402.0
tpca-1,gdsc_TPCA-1,Not Clinically Relevant,-0.361,0.294,,-0.034,,-+..,403,517,403.0
bms-345541,gdsc_BMS-345541,Not Clinically Relevant,-0.342,0.265,,-0.039,,-+..,404,518,404.0
cabozantinib,gdsc_Cabozantinib,"MET, AXL, VEGFR and RET inhibitor",-0.42700000000000005,0.345,,-0.041,,-+..,405,519,405.0
nvp-tae684,gdsc_NVP-TAE684,Not Clinically Relevant,-0.441,0.35700000000000004,,-0.042,,-+..,406,520,406.0
mg-132,gdsc_MG-132,Not Clinically Relevant,-0.401,0.303,,-0.049,,-+..,408,521,408.0
osi-930,gdsc_OSI-930," inhibitor of Kit, KDR and CSF-1R; also potent to Flt-1, c-Raf and Lck",-0.39399999999999996,0.289,,-0.052,,-+..,409,522,409.0
ku-55933,gdsc_KU-55933,Not Clinically Relevant,-0.428,0.319,,-0.054,,-+..,411,523,411.0
pevonedistat,gdsc_Pevonedistat,"(MLN4924), inhibitor of NEDD8-activating enzyme (NAE)",-0.374,0.258,,-0.058,,-+..,414,524,414.0
bexarotene,gdsc_Bexarotene,"retinoid that selectively activates retinoid X receptors (RXRs), induces cell differentiation and apoptosis ",-0.503,0.364,,-0.07,,-+..,415,525,415.0
chir-99021,gdsc_CHIR-99021,Not Clinically Relevant,-0.44299999999999995,0.281,,-0.081,,-+..,417,526,417.0
azd6482,gdsc_AZD6482,"PI3Kβ inhibitor, less active against PI3Kδ, PI3Kα and PI3Kγ ",-0.467,0.289,,-0.089,,-+..,418,527,418.0
bortezomib,gdsc_Bortezomib,proteasome inhibitor (Velcade),-0.44299999999999995,0.256,,-0.093,,-+..,420,528,420.0
pac-1,gdsc_PAC-1,Not Clinically Relevant,-0.475,0.287,,-0.094,,-+..,421,529,421.0
parthenolide,gdsc_Parthenolide,Not Clinically Relevant,-0.514,0.27,,-0.122,,-+..,424,530,424.0
brd-k71935468,ctrp_BRD-K71935468,Not Clinically Relevant,,-0.179,,-0.179,,.-..,430,531,430.0
bafilomycin a1,ctrp_bafilomycin A1,Not Clinically Relevant,,-0.196,,-0.196,,.-..,431,532,431.0
brd-k33514849,ctrp_BRD-K33514849,Not Clinically Relevant,,-0.198,,-0.198,,.-..,432,533,432.0
sepantronium bromide,gdsc_Sepantronium bromide,"YM155 (Sepantronium Bromide), survivin suppressant ",-0.217,,,-0.217,,-...,433,534,433.0
ql-xii-47,gdsc_QL-XII-47,Not Clinically Relevant,-0.218,,,-0.218,,-...,434,535,434.0
bec,ctrp_BEC,Not Clinically Relevant,,-0.21899999999999997,,-0.219,,.-..,435,536,435.0
brd-k63431240,ctrp_BRD-K63431240,Not Clinically Relevant,,-0.226,,-0.226,,.-..,437,537,437.0
gsk690693,gdsc_GSK690693,Not Clinically Relevant,-0.23399999999999999,,,-0.234,,-...,438,538,438.0
brefeldin a,ctrp_brefeldin A,Not Clinically Relevant,,-0.23600000000000002,,-0.236,,.-..,439,539,439.0
ipa-3,gdsc_IPA-3,Not Clinically Relevant,-0.23600000000000002,,,-0.236,,-...,440,540,440.0
ng-25,gdsc_NG-25,Not Clinically Relevant,-0.237,,,-0.237,,-...,441,541,441.0
wiki4,gdsc_WIKI4,Not Clinically Relevant,-0.237,,,-0.237,,-...,442,542,442.0
tl-1-85,gdsc_TL-1-85,Not Clinically Relevant,-0.242,,,-0.242,,-...,443,543,443.0
gsk-j4,ctrp_GSK-J4,Not Clinically Relevant,,-0.245,,-0.245,,.-..,445,544,445.0
jq1,gdsc_JQ1,Not Clinically Relevant,-0.245,,,-0.245,,-...,446,545,446.0
dacinostat,gdsc_Dacinostat,Not Clinically Relevant,-0.248,,,-0.248,,-...,447,546,447.0
spautin-1,ctrp_spautin-1,Not Clinically Relevant,,-0.25,,-0.25,,.-..,448,547,448.0
tw 37,gdsc_TW 37,Not Clinically Relevant,-0.252,,,-0.252,,-...,449,548,449.0
brd-k14844214,ctrp_BRD-K14844214,Not Clinically Relevant,,-0.252,,-0.252,,.-..,450,549,450.0
avicin d,ctrp_avicin D,Not Clinically Relevant,,-0.252,,-0.252,,.-..,451,550,451.0
khs101,ctrp_KHS101,Not Clinically Relevant,,-0.254,,-0.254,,.-..,453,551,453.0
17-aag,ccle_17-AAG,Not Clinically Relevant,,,-0.255,-0.255,,..-.,454,552,454.0
azd0530,ccle_AZD0530,"kinase inhibitor, with selectivity against Src and Bcr-Abl",,,-0.257,-0.257,,..-.,456,553,456.0
tae684,ccle_TAE684,Not Clinically Relevant,,,-0.26,-0.26,,..-.,457,554,457.0
col-3,ctrp_COL-3,matrix metalloproteinase (MMP) inhibitor,,-0.261,,-0.261,,.-..,458,555,458.0
dmog,gdsc_DMOG,Not Clinically Relevant,-0.262,,,-0.262,,-...,459,556,459.0
brd-k94991378,ctrp_BRD-K94991378,Not Clinically Relevant,,-0.263,,-0.263,,.-..,460,557,460.0
brd8958,ctrp_BRD8958,Not Clinically Relevant,,-0.264,,-0.264,,.-..,461,558,461.0
at-7519,gdsc_AT-7519,Not Clinically Relevant,-0.265,,,-0.265,,-...,462,559,462.0
thz-2-49,gdsc_THZ-2-49,Not Clinically Relevant,-0.267,,,-0.267,,-...,463,560,463.0
betulinic acid,ctrp_betulinic acid,Not Clinically Relevant,,-0.268,,-0.268,,.-..,464,561,464.0
cp466722,gdsc_CP466722,Not Clinically Relevant,-0.27,,,-0.27,,-...,466,562,466.0
austocystin d,ctrp_austocystin D,Not Clinically Relevant,,-0.272,,-0.272,,.-..,468,563,468.0
epothilone b,gdsc_Epothilone B,Not Clinically Relevant,-0.272,,,-0.272,,-...,469,564,469.0
ver-155008,ctrp_VER-155008,Not Clinically Relevant,,-0.272,,-0.272,,.-..,470,565,470.0
sb590885,gdsc_SB590885,Not Clinically Relevant,-0.27399999999999997,,,-0.274,,-...,471,566,471.0
elesclomol,gdsc_Elesclomol,Not Clinically Relevant,-0.275,,,-0.275,,-...,472,567,472.0
bay-61-3606,gdsc_BAY-61-3606,Not Clinically Relevant,-0.276,,,-0.276,,-...,473,568,473.0
i-bet-762,gdsc_I-BET-762,Not Clinically Relevant,-0.276,,,-0.276,,-...,474,569,474.0
camptothecin,gdsc_Camptothecin,Not Clinically Relevant,-0.27699999999999997,,,-0.277,,-...,475,570,475.0
omipalisib,gdsc_Omipalisib,Not Clinically Relevant,-0.27899999999999997,,,-0.279,,-...,477,571,477.0
lestauritinib,gdsc_Lestauritinib,Not Clinically Relevant,-0.27899999999999997,,,-0.279,,-...,478,572,478.0
fedratinib,gdsc_Fedratinib,JAK2 inhibitor,-0.28,,,-0.28,,-...,479,573,479.0
brd-k55116708,ctrp_BRD-K55116708,Not Clinically Relevant,,-0.282,,-0.282,,.-..,480,574,480.0
c6-ceramide,ctrp_C6-ceramide,Not Clinically Relevant,,-0.28300000000000003,,-0.283,,.-..,481,575,481.0
pd-0332991,ccle_PD-0332991,CDK4/6 inhibitor,,,-0.285,-0.285,,..-.,482,576,482.0
fumonisin b1,ctrp_fumonisin B1,Not Clinically Relevant,,-0.28600000000000003,,-0.286,,.-..,483,577,483.0
zd-6474,ccle_ZD-6474,"VEGFR, EGFR and RET inhibitor",,,-0.28600000000000003,-0.286,,..-.,484,578,484.0
pd-0325901,ccle_PD-0325901,Not Clinically Relevant,,,-0.28600000000000003,-0.286,,..-.,485,579,485.0
sj-172550,ctrp_SJ-172550,Not Clinically Relevant,,-0.287,,-0.287,,.-..,486,580,486.0
pfi-1,gdsc_PFI-1,Not Clinically Relevant,-0.28800000000000003,,,-0.288,,-...,487,581,487.0
gsk650394,gdsc_GSK650394,Not Clinically Relevant,-0.289,,,-0.289,,-...,488,582,488.0
tki258,ccle_TKI258,Not Clinically Relevant,,,-0.289,-0.289,,..-.,489,583,489.0
sr8278,ctrp_SR8278,Not Clinically Relevant,,-0.29,,-0.29,,.-..,490,584,490.0
vaf-347,ctrp_VAF-347,Not Clinically Relevant,,-0.292,,-0.292,,.-..,491,585,491.0
a-804598,ctrp_A-804598,Not Clinically Relevant,,-0.292,,-0.292,,.-..,492,586,492.0
vu0155056,ctrp_VU0155056,Not Clinically Relevant,,-0.295,,-0.295,,.-..,493,587,493.0
bx796,gdsc_BX796,Not Clinically Relevant,-0.295,,,-0.295,,-...,494,588,494.0
nelarabine,ctrp_nelarabine,"purine nucleoside analog, which causes inhibition of DNA synthesis and cytotoxicity",,-0.29600000000000004,,-0.296,,.-..,495,589,495.0
cid-5951923,ctrp_CID-5951923,Not Clinically Relevant,,-0.297,,-0.297,,.-..,496,590,496.0
pd318088,ctrp_PD318088,Not Clinically Relevant,,-0.298,,-0.298,,.-..,497,591,497.0
shikonin,gdsc_Shikonin,Not Clinically Relevant,-0.298,,,-0.298,,-...,501,592,501.0
osu-03012,gdsc_OSU-03012,Not Clinically Relevant,-0.299,,,-0.299,,-...,502,593,502.0
jq12,gdsc_JQ12,Not Clinically Relevant,-0.301,,,-0.301,,-...,503,594,503.0
gw843682x,gdsc_GW843682X,Not Clinically Relevant,-0.304,,,-0.304,,-...,504,595,504.0
brd-k48477130,ctrp_BRD-K48477130,Not Clinically Relevant,,-0.305,,-0.305,,.-..,505,596,505.0
kin001-244,gdsc_KIN001-244,Not Clinically Relevant,-0.306,,,-0.306,,-...,506,597,506.0
yk-4-279,gdsc_YK-4-279,Not Clinically Relevant,-0.307,,,-0.307,,-...,507,598,507.0
pf2341066,ccle_PF2341066,"ALK, ROS1 and MET inhibitor",,,-0.311,-0.311,,..-.,508,599,508.0
brd-k27986637,ctrp_BRD-K27986637,Not Clinically Relevant,,-0.311,,-0.311,,.-..,509,600,509.0
cct-018159,gdsc_CCT-018159,Not Clinically Relevant,-0.312,,,-0.312,,-...,510,601,510.0
pictilisib,gdsc_Pictilisib,"Pictilisib, potent inhibitor of PI3Kα/δ, with modest selectivity against p110β (11-fold) and p110γ",-0.312,,,-0.312,,-...,511,602,511.0
as605240,gdsc_AS605240,Not Clinically Relevant,-0.315,,,-0.315,,-...,512,603,512.0
brd-k71781559,ctrp_BRD-K71781559,Not Clinically Relevant,,-0.316,,-0.316,,.-..,513,604,513.0
seliciclib,gdsc_Seliciclib,Not Clinically Relevant,-0.316,,,-0.316,,-...,514,605,514.0
xmd8-92,gdsc_XMD8-92,Not Clinically Relevant,-0.317,,,-0.317,,-...,515,606,515.0
aica ribonucleotide,gdsc_AICA Ribonucleotide,Not Clinically Relevant,-0.317,,,-0.317,,-...,516,607,516.0
istradefylline,ctrp_istradefylline,"adenosine A2A receptor antagonist, useful in the treatment of Parkinson's disease",,-0.317,,-0.317,,.-..,517,608,517.0
npc-26,ctrp_NPC-26,Not Clinically Relevant,,-0.318,,-0.318,,.-..,518,609,518.0
ml334 diastereomer,ctrp_ML334 diastereomer,Not Clinically Relevant,,-0.319,,-0.319,,.-..,519,610,519.0
gdc-0879,ctrp_GDC-0879,Not Clinically Relevant,,-0.32,,-0.32,,.-..,520,611,520.0
brd-k64610608,ctrp_BRD-K64610608,Not Clinically Relevant,,-0.32,,-0.32,,.-..,522,612,522.0
brd-k50799972,ctrp_BRD-K50799972,Not Clinically Relevant,,-0.321,,-0.321,,.-..,523,613,523.0
zibotentan,gdsc_Zibotentan,Not Clinically Relevant,-0.321,,,-0.321,,-...,524,614,524.0
way-362450,ctrp_WAY-362450,Not Clinically Relevant,,-0.322,,-0.322,,.-..,525,615,525.0
aa-cocf3,ctrp_AA-COCF3,Not Clinically Relevant,,-0.324,,-0.324,,.-..,528,616,528.0
brd-a05715709,ctrp_BRD-A05715709,Not Clinically Relevant,,-0.324,,-0.324,,.-..,529,617,529.0
gsk4112,ctrp_GSK4112,Not Clinically Relevant,,-0.324,,-0.324,,.-..,531,618,531.0
pluripotin,ctrp_pluripotin,Not Clinically Relevant,,-0.326,,-0.326,,.-..,533,619,533.0
cmk,gdsc_CMK,Not Clinically Relevant,-0.326,,,-0.326,,-...,534,620,534.0
brd-k17060750,ctrp_BRD-K17060750,Not Clinically Relevant,,-0.326,,-0.326,,.-..,535,621,535.0
brd-k04800985,ctrp_BRD-K04800985,Not Clinically Relevant,,-0.32799999999999996,,-0.328,,.-..,537,622,537.0
embelin,gdsc_Embelin,Not Clinically Relevant,-0.32799999999999996,,,-0.328,,-...,538,623,538.0
pf-543,ctrp_PF-543,Not Clinically Relevant,,-0.332,,-0.332,,.-..,539,624,539.0
brd-k33199242,ctrp_BRD-K33199242,Not Clinically Relevant,,-0.33299999999999996,,-0.333,,.-..,540,625,540.0
mi-1,ctrp_MI-1,Not Clinically Relevant,,-0.33299999999999996,,-0.333,,.-..,541,626,541.0
ibrutinib,ctrp_ibrutinib,BTK kinase inhibitor,,-0.33399999999999996,,-0.334,,.-..,542,627,542.0
ponatinib,gdsc_Ponatinib,Bcr-abl inhibitor,-0.335,,,-0.335,,-...,543,628,543.0
thapsigargin,gdsc_Thapsigargin,Not Clinically Relevant,-0.33799999999999997,,,-0.338,,-...,546,629,546.0
obatoclax mesylate,gdsc_Obatoclax Mesylate,Not Clinically Relevant,-0.33899999999999997,,,-0.339,,-...,547,630,547.0
sgc0946,gdsc_SGC0946,Not Clinically Relevant,-0.34,,,-0.34,,-...,548,631,548.0
pf-562271,gdsc_PF-562271,Not Clinically Relevant,-0.341,,,-0.341,,-...,549,632,549.0
ipr-456,ctrp_IPR-456,Not Clinically Relevant,,-0.342,,-0.342,,.-..,550,633,550.0
s-trityl-l-cysteine,gdsc_S-Trityl-L-cysteine,Not Clinically Relevant,-0.342,,,-0.342,,-...,551,634,551.0
luminespib,gdsc_Luminespib,Not Clinically Relevant,-0.34299999999999997,,,-0.343,,-...,552,635,552.0
bleomycin,gdsc_Bleomycin,"Induces DNA strand breaks, inhibits incorporation of thymidine into DNA strands.",-0.345,,,-0.345,,-...,555,636,555.0
pd 153035,ctrp_PD 153035,Not Clinically Relevant,,-0.34600000000000003,,-0.346,,.-..,556,637,556.0
brd9647,ctrp_BRD9647,Not Clinically Relevant,,-0.34600000000000003,,-0.346,,.-..,557,638,557.0
brd-k09587429,ctrp_BRD-K09587429,Not Clinically Relevant,,-0.34600000000000003,,-0.346,,.-..,558,639,558.0
cisplatin,gdsc_Cisplatin,Not Clinically Relevant,-0.34600000000000003,,,-0.346,,-...,559,640,559.0
gsk269962a,gdsc_GSK269962A,Not Clinically Relevant,-0.348,,,-0.348,,-...,560,641,560.0
trametinib,gdsc_Trametinib,MEK inhibitor (MEK1 and MEK2),-0.36700000000000005,-0.33,,-0.349,,--..,562,642,562.0
pd0325901,gdsc_PD0325901,Not Clinically Relevant,-0.349,,,-0.349,,-...,564,643,564.0
tipifarnib,gdsc_Tipifarnib,Not Clinically Relevant,-0.35,,,-0.35,,-...,565,644,565.0
tanespimycin,gdsc_Tanespimycin,HSP90 inhibitor,-0.439,-0.261,,-0.35,,--..,566,645,566.0
azd6244,ccle_AZD6244,MEK1 inhibitor,,,-0.35100000000000003,-0.351,,..-.,567,646,567.0
isonicotinohydroxamic acid,ctrp_isonicotinohydroxamic acid,Not Clinically Relevant,,-0.35200000000000004,,-0.352,,.-..,568,647,568.0
enzastaurin,gdsc_Enzastaurin,Not Clinically Relevant,-0.353,,,-0.353,,-...,569,648,569.0
ql-viii-58,gdsc_QL-VIII-58,Not Clinically Relevant,-0.355,,,-0.355,,-...,570,649,570.0
a-443654,gdsc_A-443654,Not Clinically Relevant,-0.35600000000000004,,,-0.356,,-...,571,650,571.0
bleomycin (50 um),gdsc_Bleomycin (50 uM),Not Clinically Relevant,-0.35600000000000004,,,-0.356,,-...,572,651,572.0
dactolisib,gdsc_Dactolisib,PI3K/mTOR inhibitor,-0.35700000000000004,,,-0.357,,-...,573,652,573.0
pf-4708671,gdsc_PF-4708671,Not Clinically Relevant,-0.358,,,-0.358,,-...,574,653,574.0
as601245,gdsc_AS601245,Not Clinically Relevant,-0.359,,,-0.359,,-...,575,654,575.0
ic-87114,ctrp_IC-87114,Not Clinically Relevant,,-0.359,,-0.359,,.-..,577,655,577.0
sb-431542,ctrp_SB-431542,Not Clinically Relevant,,-0.36,,-0.36,,.-..,578,656,578.0
jnk-9l,gdsc_JNK-9L,Not Clinically Relevant,-0.36,,,-0.36,,-...,579,657,579.0
plx4720,ccle_PLX4720,Not Clinically Relevant,,,-0.36,-0.36,,..-.,580,658,580.0
midostaurin,gdsc_Midostaurin,Not Clinically Relevant,-0.361,,,-0.361,,-...,581,659,581.0
pyrimethamine,gdsc_Pyrimethamine,Not Clinically Relevant,-0.361,,,-0.361,,-...,582,660,582.0
xmd11-85h,gdsc_XMD11-85h,Not Clinically Relevant,-0.363,,,-0.363,,-...,583,661,583.0
wh-4-023,gdsc_WH-4-023,Not Clinically Relevant,-0.363,,,-0.363,,-...,584,662,584.0
akt inhibitor viii,gdsc_AKT inhibitor VIII,Not Clinically Relevant,-0.36700000000000005,,,-0.367,,-...,586,663,586.0
bcl-lzh-4,ctrp_BCL-LZH-4,Not Clinically Relevant,,-0.36700000000000005,,-0.367,,.-..,587,664,587.0
birinapant,ctrp_birinapant,"SMAC mimetic, mostly to cIAP1, less potent against XIAP.",,-0.37,,-0.37,,.-..,588,665,588.0
nvp-bhg712,gdsc_NVP-BHG712,Not Clinically Relevant,-0.37,,,-0.37,,-...,589,666,589.0
cbb-1007,ctrp_CBB-1007,Not Clinically Relevant,,-0.371,,-0.371,,.-..,590,667,590.0
hg6-64-1,gdsc_HG6-64-1,Not Clinically Relevant,-0.37200000000000005,,,-0.372,,-...,591,668,591.0
(5z)-7-oxozeaenol,gdsc_(5Z)-7-Oxozeaenol,Not Clinically Relevant,-0.37200000000000005,,,-0.372,,-...,592,669,592.0
fh535,gdsc_FH535,Not Clinically Relevant,-0.374,,,-0.374,,-...,593,670,593.0
lfm-a13,gdsc_LFM-A13,Not Clinically Relevant,-0.376,,,-0.376,,-...,594,671,594.0
refametinib,gdsc_Refametinib,Not Clinically Relevant,-0.376,,,-0.376,,-...,595,672,595.0
rita,ctrp_RITA,Not Clinically Relevant,,-0.379,,-0.379,,.-..,597,673,597.0
zebularine,ctrp_zebularine,Not Clinically Relevant,,-0.382,,-0.382,,.-..,598,674,598.0
tgx221,gdsc_TGX221,Not Clinically Relevant,-0.38299999999999995,,,-0.383,,-...,600,675,600.0
talazoparib,gdsc_Talazoparib,Not Clinically Relevant,-0.38299999999999995,,,-0.383,,-...,601,676,601.0
salubrinal,gdsc_Salubrinal,Not Clinically Relevant,-0.384,,,-0.384,,-...,602,677,602.0
compound 1b,ctrp_compound 1B,Not Clinically Relevant,,-0.384,,-0.384,,.-..,603,678,603.0
eht-1864,gdsc_EHT-1864,Not Clinically Relevant,-0.385,,,-0.385,,-...,604,679,604.0
brd-k52037352,ctrp_BRD-K52037352,Not Clinically Relevant,,-0.386,,-0.386,,.-..,606,680,606.0
kin001-266,gdsc_KIN001-266,Not Clinically Relevant,-0.389,,,-0.389,,-...,608,681,608.0
a-770041,gdsc_A-770041,Not Clinically Relevant,-0.391,,,-0.391,,-...,609,682,609.0
sl0101,gdsc_SL0101,Not Clinically Relevant,-0.396,,,-0.396,,-...,610,683,610.0
cct007093,gdsc_CCT007093,Not Clinically Relevant,-0.397,,,-0.397,,-...,611,684,611.0
fr-180204,gdsc_FR-180204,Not Clinically Relevant,-0.39799999999999996,,,-0.398,,-...,612,685,612.0
doramapimod,gdsc_Doramapimod,Not Clinically Relevant,-0.4,,,-0.4,,-...,613,686,613.0
fti-277,gdsc_FTI-277,Not Clinically Relevant,-0.40299999999999997,,,-0.403,,-...,614,687,614.0
jnk inhibitor viii,gdsc_JNK Inhibitor VIII,Not Clinically Relevant,-0.40299999999999997,,,-0.403,,-...,615,688,615.0
stf-62247,gdsc_STF-62247,Not Clinically Relevant,-0.40700000000000003,,,-0.407,,-...,616,689,616.0
bms-509744,gdsc_BMS-509744,Not Clinically Relevant,-0.408,,,-0.408,,-...,617,690,617.0
avagacestat,gdsc_Avagacestat,Not Clinically Relevant,-0.408,,,-0.408,,-...,618,691,618.0
selisistat,gdsc_Selisistat,SIRT1 inhibitor,-0.41100000000000003,,,-0.411,,-...,619,692,619.0
nsc-87877,gdsc_NSC-87877,Not Clinically Relevant,-0.41200000000000003,,,-0.412,,-...,620,693,620.0
gsk1904529a,gdsc_GSK1904529A,Not Clinically Relevant,-0.41200000000000003,,,-0.412,,-...,621,694,621.0
whi-p97,gdsc_WHI-P97,Not Clinically Relevant,-0.41600000000000004,,,-0.416,,-...,622,695,622.0
kin001-236,gdsc_KIN001-236,Not Clinically Relevant,-0.42,,,-0.42,,-...,623,696,623.0
xmd15-27,gdsc_XMD15-27,Not Clinically Relevant,-0.42100000000000004,,,-0.421,,-...,624,697,624.0
nu7441,gdsc_NU7441,Not Clinically Relevant,-0.424,,,-0.424,,-...,625,698,625.0
brd-k99006945,ctrp_BRD-K99006945,Not Clinically Relevant,,-0.42700000000000005,,-0.427,,.-..,626,699,626.0
iox2,gdsc_IOX2,Not Clinically Relevant,-0.429,,,-0.429,,-...,627,700,627.0
xmd8-85,gdsc_XMD8-85,Not Clinically Relevant,-0.43,,,-0.43,,-...,628,701,628.0
ci-1040,gdsc_CI-1040,Not Clinically Relevant,-0.435,,,-0.435,,-...,630,702,630.0
bix02189,gdsc_BIX02189,Not Clinically Relevant,-0.439,,,-0.439,,-...,631,703,631.0
xav939,gdsc_XAV939,Not Clinically Relevant,-0.44,,,-0.44,,-...,632,704,632.0
cgp-082996,gdsc_CGP-082996,Not Clinically Relevant,-0.44299999999999995,,,-0.443,,-...,633,705,633.0
plx-4720,gdsc_PLX-4720,Not Clinically Relevant,-0.493,-0.395,,-0.444,,--..,634,706,634.0
o-6-benzylguanine,ctrp_O-6-benzylguanine,"guanine analog, binds the DNA repair enzyme O(6)-alkylguanine DNA alkyltransferase (AGT) resulting in inhibition of AGT-mediated DNA repair",,-0.445,,-0.445,,.-..,635,707,635.0
cgp-60474,gdsc_CGP-60474,Not Clinically Relevant,-0.445,,,-0.445,,-...,636,708,636.0
ro-3306,gdsc_RO-3306,Not Clinically Relevant,-0.445,,,-0.445,,-...,637,709,637.0
cp724714,gdsc_CP724714,Not Clinically Relevant,-0.451,,,-0.451,,-...,638,710,638.0
jw-7-52-1,gdsc_JW-7-52-1,Not Clinically Relevant,-0.452,,,-0.452,,-...,639,711,639.0
tak-715,gdsc_TAK-715,Not Clinically Relevant,-0.45399999999999996,,,-0.454,,-...,640,712,640.0
fmk,gdsc_FMK,Not Clinically Relevant,-0.455,,,-0.455,,-...,641,713,641.0
bryostatin 1,gdsc_Bryostatin 1,Not Clinically Relevant,-0.455,,,-0.455,,-...,642,714,642.0
vismodegib,gdsc_Vismodegib,Hedgehog (Smoothened) antagonist (GDC-0449),-0.45799999999999996,,,-0.458,,-...,643,715,643.0
z-llnle-cho,gdsc_Z-LLNle-CHO,Not Clinically Relevant,-0.46,,,-0.46,,-...,644,716,644.0
pha-665752,gdsc_PHA-665752,Not Clinically Relevant,-0.631,,-0.31,-0.471,,-.-.,645,717,645.0
xmd14-99,gdsc_XMD14-99,Not Clinically Relevant,-0.47200000000000003,,,-0.472,,-...,646,718,646.0
sb216763,gdsc_SB216763,Not Clinically Relevant,-0.47600000000000003,,,-0.476,,-...,647,719,647.0
681640,gdsc_681640,Not Clinically Relevant,-0.495,,,-0.495,,-...,649,720,649.0
cetuximab,gdsc_Cetuximab,Not Clinically Relevant,-0.496,,,-0.496,,-...,650,721,650.0
dabrafenib,gdsc_Dabrafenib,Braf (V600E) inhibitor,-0.534,-0.45799999999999996,,-0.496,,--..,651,722,651.0
rtrail,gdsc_rTRAIL,Not Clinically Relevant,-0.496,,,-0.496,,-...,652,723,652.0
t0901317,gdsc_T0901317,Not Clinically Relevant,-0.499,,,-0.499,,-...,653,724,653.0
rapamycin,gdsc_Rapamycin,"rapamycin, mTOR inhibitor",-0.504,,,-0.504,,-...,654,725,654.0
pelitinib,gdsc_Pelitinib,Not Clinically Relevant,-0.526,,,-0.526,,-...,655,726,655.0
kin001-260,gdsc_KIN001-260,Not Clinically Relevant,-0.528,,,-0.528,,-...,656,727,656.0
qs11,gdsc_QS11,Not Clinically Relevant,-0.531,,,-0.531,,-...,657,728,657.0
gw441756,gdsc_GW441756,Not Clinically Relevant,-0.5429999999999999,,,-0.543,,-...,658,729,658.0
idelalisib,gdsc_Idelalisib,"Idelalisib,  PI3K/p110δ inhibitor",-0.547,,,-0.547,,-...,659,730,659.0
motesanib,gdsc_Motesanib,Not Clinically Relevant,-0.5589999999999999,,,-0.559,,-...,660,731,660.0
az628,gdsc_AZ628,Not Clinically Relevant,-0.5660000000000001,,,-0.566,,-...,661,732,661.0
nutlin-3a (-),gdsc_Nutlin-3a (-),Not Clinically Relevant,-0.5710000000000001,,,-0.571,,-...,662,733,662.0
wz-1-84,gdsc_WZ-1-84,Not Clinically Relevant,-0.573,,,-0.573,,-...,663,734,663.0
y-39983,gdsc_Y-39983,Not Clinically Relevant,-0.574,,,-0.574,,-...,664,735,664.0
gnf-2,gdsc_GNF-2,Not Clinically Relevant,-0.5770000000000001,,,-0.577,,-...,665,736,665.0
vx-11e,gdsc_VX-11e,Not Clinically Relevant,-0.584,,,-0.584,,-...,666,737,666.0
gsk429286a,gdsc_GSK429286A,Not Clinically Relevant,-0.5870000000000001,,,-0.587,,-...,667,738,667.0
ql-xi-92,gdsc_QL-XI-92,Not Clinically Relevant,-0.604,,,-0.604,,-...,668,739,668.0
pd173074,gdsc_PD173074,Not Clinically Relevant,-0.606,,,-0.606,,-...,669,740,669.0
cyclopamine,gdsc_Cyclopamine,Not Clinically Relevant,-0.633,,,-0.633,,-...,670,741,670.0
vnlg/124,gdsc_VNLG/124,Not Clinically Relevant,-0.6579999999999999,,,-0.658,,-...,671,742,671.0
alectinib,gdsc_Alectinib,"ALK inhibitor, used to treat non-small-cell lung cancer (NSCLC)",-0.7090000000000001,,,-0.709,,-...,672,743,672.0
