,moa,GDSC,CTRP,CCLE,drug,score,evidence
alectinib,"ALK inhibitor, used to treat non-small-cell lung cancer (NSCLC)",0.738,,,gdsc_Alectinib,0.738,+..
gsk1070916,Not Clinically Relevant,0.6609999999999999,,,gdsc_GSK1070916,0.661,+..
sb52334,Not Clinically Relevant,0.635,,,gdsc_SB52334,0.635,+..
tl-2-105,Not Clinically Relevant,0.63,,,gdsc_TL-2-105,0.63,+..
ql-xii-61,Not Clinically Relevant,0.593,,,gdsc_QL-XII-61,0.593,+..
gsk429286a,Not Clinically Relevant,0.59,,,gdsc_GSK429286A,0.59,+..
ql-xi-92,Not Clinically Relevant,0.573,,,gdsc_QL-XI-92,0.573,+..
y-39983,Not Clinically Relevant,0.561,,,gdsc_Y-39983,0.561,+..
gw-2580,Not Clinically Relevant,0.5529999999999999,,,gdsc_GW-2580,0.553,+..
linsitinib,IGF-1R inhibitor,0.649,0.45399999999999996,,ctrp_linsitinib,0.552,++.
bx-912,Not Clinically Relevant,0.55,,,gdsc_BX-912,0.55,+..
tubastatin a,Not Clinically Relevant,0.637,0.456,,ctrp_tubastatin A,0.546,++.
kin001-260,Not Clinically Relevant,0.5429999999999999,,,gdsc_KIN001-260,0.543,+..
xmd14-99,Not Clinically Relevant,0.527,,,gdsc_XMD14-99,0.527,+..
tretinoin,Retinoid,0.5920000000000001,0.44,,ctrp_tretinoin,0.516,++.
navitoclax,"Bcl-2 family inhibitor: esp Bcl-xL, Bcl-2 and Bcl-w",0.6970000000000001,0.313,,ctrp_navitoclax,0.505,++.
vx-702,Not Clinically Relevant,0.504,,,gdsc_VX-702,0.504,+..
amuvatinib,Not Clinically Relevant,0.5,,,gdsc_Amuvatinib,0.5,+..
rucaparib,"PARP inhibitor, inhibits DNA repair",0.499,,,gdsc_Rucaparib,0.499,+..
xmd13-2,Not Clinically Relevant,0.49700000000000005,,,gdsc_XMD13-2,0.497,+..
hg-5-88-01,Not Clinically Relevant,0.47600000000000003,,,gdsc_HG-5-88-01,0.476,+..
ispinesib mesylate,Not Clinically Relevant,0.47100000000000003,,,gdsc_Ispinesib Mesylate,0.471,+..
axitinib,"VEGFR, c-KIT and PDGFR inhibitor",0.552,0.387,,ctrp_axitinib,0.47,++.
quizartinib,Flt3 inhibitor,0.626,0.28600000000000003,,ctrp_quizartinib,0.456,++.
gsk319347a,Not Clinically Relevant,0.45399999999999996,,,gdsc_GSK319347A,0.454,+..
indisulam,"carbonic anhydrase inibitor and  CDK inhibitor, targets G1 by depleting cyclin E. inducing p53 and p21, and inhibiting CDK2",,0.442,,ctrp_indisulam,0.442,.+.
avrainvillamide,Not Clinically Relevant,,0.43700000000000006,,ctrp_avrainvillamide,0.437,.+.
brd-a71883111,Not Clinically Relevant,,0.43200000000000005,,ctrp_BRD-A71883111,0.432,.+.
sb-505124,Not Clinically Relevant,0.43200000000000005,,,gdsc_SB-505124,0.432,+..
staurosporine,Not Clinically Relevant,,0.429,,ctrp_staurosporine,0.429,.+.
abt-737,Bcl-2/Bcl-xL inhibitor,,0.428,,ctrp_ABT-737,0.428,.+.
brd-k34485477,Not Clinically Relevant,,0.428,,ctrp_BRD-K34485477,0.428,.+.
xmd15-27,Not Clinically Relevant,0.42700000000000005,,,gdsc_XMD15-27,0.427,+..
bms-195614,Not Clinically Relevant,,0.418,,ctrp_BMS-195614,0.418,.+.
cil55,Not Clinically Relevant,,0.41600000000000004,,ctrp_CIL55,0.416,.+.
chlorambucil,"alkylates and cross-links DNA, interfering with DNA replication and damaging the DNA",,0.41600000000000004,,ctrp_chlorambucil,0.416,.+.
epigallocatechin-3-monogallate,Not Clinically Relevant,,0.414,,ctrp_epigallocatechin-3-monogallate,0.414,.+.
xl765,PI3K/mTOR inhibitor,,0.414,,ctrp_XL765,0.414,.+.
tacrolimus,"FK-506, immunosuppressive drug usedafter allogeneic organ transplant",,0.413,,ctrp_tacrolimus,0.413,.+.
cct036477,Not Clinically Relevant,,0.41200000000000003,,ctrp_CCT036477,0.412,.+.
talazoparib,Not Clinically Relevant,0.41200000000000003,,,gdsc_Talazoparib,0.412,+..
brd-k26531177,Not Clinically Relevant,,0.41,,ctrp_BRD-K26531177,0.41,.+.
ml050,Not Clinically Relevant,,0.41,,ctrp_ML050,0.41,.+.
brd-k51490254,Not Clinically Relevant,,0.408,,ctrp_BRD-K51490254,0.408,.+.
barasertib,highly selective Aurora B kinase inhibitor,,0.408,,ctrp_barasertib,0.408,.+.
bms-270394,Not Clinically Relevant,,0.40299999999999997,,ctrp_BMS-270394,0.403,.+.
ml203,Not Clinically Relevant,,0.40299999999999997,,ctrp_ML203,0.403,.+.
brd-m00053801,Not Clinically Relevant,,0.40299999999999997,,ctrp_BRD-M00053801,0.403,.+.
prima-1-met,Not Clinically Relevant,,0.402,,ctrp_PRIMA-1-Met,0.402,.+.
tipifarnib-p1,Not Clinically Relevant,,0.401,,ctrp_tipifarnib-P1,0.401,.+.
sotrastaurin,pan-PKC inhibitor,,0.39899999999999997,,ctrp_sotrastaurin,0.399,.+.
ml239,Not Clinically Relevant,,0.39899999999999997,,ctrp_ML239,0.399,.+.
16-beta-bromoandrosterone,Not Clinically Relevant,,0.39899999999999997,,ctrp_16-beta-bromoandrosterone,0.399,.+.
kin001-266,Not Clinically Relevant,0.39799999999999996,,,gdsc_KIN001-266,0.398,+..
npk76-ii-72-1,Not Clinically Relevant,0.396,,,gdsc_NPK76-II-72-1,0.396,+..
brd-k28456706,Not Clinically Relevant,,0.39399999999999996,,ctrp_BRD-K28456706,0.394,.+.
sitagliptin,"used for Treating type 2 diabetes, works by increasing the amount of insulin released by your body",,0.392,,ctrp_sitagliptin,0.392,.+.
brd-k13999467,Not Clinically Relevant,,0.391,,ctrp_BRD-K13999467,0.391,.+.
foretinib,c-Met/VEGFR2 inhibitor,,0.391,,ctrp_foretinib,0.391,.+.
brd-k88742110,Not Clinically Relevant,,0.391,,ctrp_BRD-K88742110,0.391,.+.
kin001-236,Not Clinically Relevant,0.39,,,gdsc_KIN001-236,0.39,+..
isoliquiritigenin,Not Clinically Relevant,,0.38799999999999996,,ctrp_isoliquiritigenin,0.388,.+.
brd-k24690302,Not Clinically Relevant,,0.387,,ctrp_BRD-K24690302,0.387,.+.
kin001-270,Not Clinically Relevant,0.386,,,gdsc_KIN001-270,0.386,+..
skepinone-l,Not Clinically Relevant,,0.384,,ctrp_skepinone-L,0.384,.+.
compound 7d-cis,Not Clinically Relevant,,0.381,,ctrp_Compound 7d-cis,0.381,.+.
brd-k30019337,Not Clinically Relevant,,0.38,,ctrp_BRD-K30019337,0.38,.+.
repligen 136,Not Clinically Relevant,,0.379,,ctrp_Repligen 136,0.379,.+.
alisertib,Aurora A kinase inhibitor,,0.37799999999999995,,ctrp_alisertib,0.378,.+.
sz4ta2,Not Clinically Relevant,,0.376,,ctrp_SZ4TA2,0.376,.+.
brd-k29313308,Not Clinically Relevant,,0.373,,ctrp_BRD-K29313308,0.373,.+.
iu1,Not Clinically Relevant,,0.373,,ctrp_IU1,0.373,.+.
compound 1b,Not Clinically Relevant,,0.37200000000000005,,ctrp_compound 1B,0.372,.+.
brd-k84807411,Not Clinically Relevant,,0.371,,ctrp_BRD-K84807411,0.371,.+.
brd-k78574327,Not Clinically Relevant,,0.371,,ctrp_BRD-K78574327,0.371,.+.
brd1835,Not Clinically Relevant,,0.371,,ctrp_BRD1835,0.371,.+.
necrostatin-7,Not Clinically Relevant,,0.37,,ctrp_necrostatin-7,0.37,.+.
lenvatinib,"VEGFR inhibitor (VEGFR1, VEGFR2 and VEGFR3)",,0.369,,ctrp_lenvatinib,0.369,.+.
pac-1,Not Clinically Relevant,0.496,0.242,,ctrp_PAC-1,0.369,++.
rg-108,Not Clinically Relevant,,0.368,,ctrp_RG-108,0.368,.+.
compound 1541a,Not Clinically Relevant,,0.36700000000000005,,ctrp_Compound 1541A,0.367,.+.
kpt185,Not Clinically Relevant,,0.365,,ctrp_KPT185,0.365,.+.
sr1001,Not Clinically Relevant,,0.365,,ctrp_SR1001,0.365,.+.
abt-199,Bcl2 inhibitor,,0.365,,ctrp_ABT-199,0.365,.+.
ac55649,Not Clinically Relevant,,0.364,,ctrp_AC55649,0.364,.+.
cay10576,Not Clinically Relevant,,0.364,,ctrp_CAY10576,0.364,.+.
itraconazole,"Anti-fungal, hedgehog antagonist",,0.364,,ctrp_itraconazole,0.364,.+.
fingolimod,"sphingosine-1-phosphate receptor modulator, sequesters lymphocytes in lymph nodes, mostly used for treating multiple sclerosis",,0.363,,ctrp_fingolimod,0.363,.+.
brd-k99006945,Not Clinically Relevant,,0.363,,ctrp_BRD-K99006945,0.363,.+.
brd-k19103580,Not Clinically Relevant,,0.363,,ctrp_BRD-K19103580,0.363,.+.
cytarabine hydrochloride,Not Clinically Relevant,,0.36200000000000004,,ctrp_cytarabine hydrochloride,0.362,.+.
cil41,Not Clinically Relevant,,0.361,,ctrp_CIL41,0.361,.+.
jw-74,Not Clinically Relevant,,0.358,,ctrp_JW-74,0.358,.+.
cisplatin,Not Clinically Relevant,0.358,,,gdsc_Cisplatin,0.358,+..
pdmp,Not Clinically Relevant,,0.35700000000000004,,ctrp_PDMP,0.357,.+.
px-12,thioredoxin-1 (Trx-1) inhibitor,,0.35700000000000004,,ctrp_PX-12,0.357,.+.
ceranib-2,Not Clinically Relevant,,0.35700000000000004,,ctrp_ceranib-2,0.357,.+.
kw-2449,"multi-kinase inhibitor, mostly for Flt3, modestly potent to FGFR1, Bcr-Abl and Aurora A;",,0.35700000000000004,,ctrp_KW-2449,0.357,.+.
pf-4800567 hydrochloride,Not Clinically Relevant,,0.35700000000000004,,ctrp_PF-4800567 hydrochloride,0.357,.+.
hc-067047,Not Clinically Relevant,,0.35700000000000004,,ctrp_HC-067047,0.357,.+.
jw-55,Not Clinically Relevant,,0.35700000000000004,,ctrp_JW-55,0.357,.+.
brd-k02492147,Not Clinically Relevant,,0.35600000000000004,,ctrp_BRD-K02492147,0.356,.+.
brd-k42260513,Not Clinically Relevant,,0.355,,ctrp_BRD-K42260513,0.355,.+.
nsc30930,Not Clinically Relevant,,0.355,,ctrp_NSC30930,0.355,.+.
sb-225002,Not Clinically Relevant,,0.353,,ctrp_SB-225002,0.353,.+.
mst-312,Not Clinically Relevant,,0.35200000000000004,,ctrp_MST-312,0.352,.+.
compound 23 citrate,Not Clinically Relevant,,0.35100000000000003,,ctrp_Compound 23 citrate,0.351,.+.
ki8751,Not Clinically Relevant,,0.35100000000000003,,ctrp_Ki8751,0.351,.+.
ly-2183240,Not Clinically Relevant,,0.35100000000000003,,ctrp_LY-2183240,0.351,.+.
elocalcitol,vitamin D receptor agonist,,0.35100000000000003,,ctrp_elocalcitol,0.351,.+.
brd-k11533227,Not Clinically Relevant,,0.35,,ctrp_BRD-K11533227,0.35,.+.
brd-k86535717,Not Clinically Relevant,,0.35,,ctrp_BRD-K86535717,0.35,.+.
ski-ii,Not Clinically Relevant,,0.35,,ctrp_SKI-II,0.35,.+.
brd-k75293299,Not Clinically Relevant,,0.349,,ctrp_BRD-K75293299,0.349,.+.
nsc19630,Not Clinically Relevant,,0.349,,ctrp_NSC19630,0.349,.+.
bibr-1532,Not Clinically Relevant,,0.349,,ctrp_BIBR-1532,0.349,.+.
nsc 74859,Not Clinically Relevant,,0.349,,ctrp_NSC 74859,0.349,.+.
brd-k02251932,Not Clinically Relevant,,0.348,,ctrp_BRD-K02251932,0.348,.+.
omacetaxine mepesuccinate,"natural product, protein translation inhibitor, used for myeloid leukemia",,0.34700000000000003,,ctrp_omacetaxine mepesuccinate,0.347,.+.
fgin-1-27,Not Clinically Relevant,,0.34700000000000003,,ctrp_FGIN-1-27,0.347,.+.
brd-k92856060,Not Clinically Relevant,,0.34700000000000003,,ctrp_BRD-K92856060,0.347,.+.
belinostat,HDAC inhibitor (PXD101),0.295,0.39899999999999997,,gdsc_Belinostat,0.347,++.
vorinostat,HDAC inhibitor (SAHA),0.364,0.327,,ctrp_vorinostat,0.346,++.
lomeguatrib,"Inhibitor of MGMT, a DNA repair protein that confers resistance to alkylating agents such as Temozolomide, DTIC, Carmustine, etc. ",,0.34600000000000003,,ctrp_lomeguatrib,0.346,.+.
brd-k29086754,Not Clinically Relevant,,0.34600000000000003,,ctrp_BRD-K29086754,0.346,.+.
mdivi-1,Not Clinically Relevant,,0.345,,ctrp_Mdivi-1,0.345,.+.
nvp-adw742,Not Clinically Relevant,,0.345,,ctrp_NVP-ADW742,0.345,.+.
apicidin,Not Clinically Relevant,,0.345,,ctrp_apicidin,0.345,.+.
nsc48300,Not Clinically Relevant,,0.344,,ctrp_NSC48300,0.344,.+.
brd-k51831558,Not Clinically Relevant,,0.344,,ctrp_BRD-K51831558,0.344,.+.
plx-4032,BRAF (V600E) inhibitor,,0.344,,ctrp_PLX-4032,0.344,.+.
mps-1-in-1,Not Clinically Relevant,0.344,,,gdsc_MPS-1-IN-1,0.344,+..
tacedinaline,Not Clinically Relevant,,0.34299999999999997,,ctrp_tacedinaline,0.343,.+.
lrrk2-in-1,Not Clinically Relevant,,0.34299999999999997,,ctrp_LRRK2-IN-1,0.343,.+.
elcpk,Not Clinically Relevant,,0.342,,ctrp_ELCPK,0.342,.+.
pd 153035,Not Clinically Relevant,,0.342,,ctrp_PD 153035,0.342,.+.
jw-480,Not Clinically Relevant,,0.341,,ctrp_JW-480,0.341,.+.
rita,Not Clinically Relevant,,0.33899999999999997,,ctrp_RITA,0.339,.+.
ym201636,Not Clinically Relevant,0.33799999999999997,,,gdsc_YM201636,0.338,+..
nsc23766,Not Clinically Relevant,,0.33799999999999997,,ctrp_NSC23766,0.338,.+.
sildenafil,"Viagra, used to treat erectile dysfunction and pulmonary arterial hypertension",,0.33799999999999997,,ctrp_sildenafil,0.338,.+.
brd6340,Not Clinically Relevant,,0.33799999999999997,,ctrp_BRD6340,0.338,.+.
brd-k44224150,Not Clinically Relevant,,0.33799999999999997,,ctrp_BRD-K44224150,0.338,.+.
pifithrin-mu,Not Clinically Relevant,,0.337,,ctrp_pifithrin-mu,0.337,.+.
aica ribonucleotide,Not Clinically Relevant,0.336,,,gdsc_AICA Ribonucleotide,0.336,+..
ml162,Not Clinically Relevant,,0.335,,ctrp_ML162,0.335,.+.
lbh-589,HDAC inhibitor,,0.335,,ctrp_LBH-589,0.335,.+.
nsc95397,Not Clinically Relevant,,0.335,,ctrp_NSC95397,0.335,.+.
hg-5-113-01,Not Clinically Relevant,0.335,,,gdsc_HG-5-113-01,0.335,+..
brd-k61166597,Not Clinically Relevant,,0.335,,ctrp_BRD-K61166597,0.335,.+.
isoevodiamine,Not Clinically Relevant,,0.335,,ctrp_isoevodiamine,0.335,.+.
pf-184,Not Clinically Relevant,,0.335,,ctrp_PF-184,0.335,.+.
necrostatin-1,Not Clinically Relevant,,0.33399999999999996,,ctrp_necrostatin-1,0.334,.+.
bms-754807,Not Clinically Relevant,0.317,0.35200000000000004,,gdsc_BMS-754807,0.334,++.
968,Not Clinically Relevant,,0.33299999999999996,,ctrp_968,0.333,.+.
darinaparsin,organic arsenic compound composed of dimethylated arsenic linked to glutathione,,0.33299999999999996,,ctrp_darinaparsin,0.333,.+.
bix-01294,Not Clinically Relevant,,0.33299999999999996,,ctrp_BIX-01294,0.333,.+.
birb-796,Not Clinically Relevant,,0.33299999999999996,,ctrp_BIRB-796,0.333,.+.
tg-100-115,PI3Kγ/δ inhibitor,,0.33299999999999996,,ctrp_TG-100-115,0.333,.+.
ml083,Not Clinically Relevant,,0.33299999999999996,,ctrp_ML083,0.333,.+.
mgcd-265,"inhibitor of c-Met and VEGFR1/2/3, as well as Ron and Tie2",,0.332,,ctrp_MGCD-265,0.332,.+.
cimetidine,(Tagamet) Antacid and antihistamine,,0.332,,ctrp_cimetidine,0.332,.+.
fsc231,Not Clinically Relevant,,0.331,,ctrp_FSC231,0.331,.+.
brd-k96970199,Not Clinically Relevant,,0.331,,ctrp_BRD-K96970199,0.331,.+.
gsk1059615,PI3Kα/β/δ/γ and mTOR inhibitor,,0.33,,ctrp_GSK1059615,0.33,.+.
pandacostat,Not Clinically Relevant,,0.33,,ctrp_pandacostat,0.33,.+.
gmx-1778,Not Clinically Relevant,,0.32899999999999996,,ctrp_GMX-1778,0.329,.+.
ar-42,Not Clinically Relevant,0.32899999999999996,,,gdsc_AR-42,0.329,+..
byl-719,PI3Kα inhibitor with minimal effect on PI3Kβ/γ/δ,,0.32899999999999996,,ctrp_BYL-719,0.329,.+.
isox,Not Clinically Relevant,,0.32899999999999996,,ctrp_ISOX,0.329,.+.
tpca-1,Not Clinically Relevant,0.38299999999999995,0.273,,ctrp_TPCA-1,0.328,++.
pl-di,Not Clinically Relevant,,0.32799999999999996,,ctrp_PL-DI,0.328,.+.
azd1480,JAK2 inhibitor with some activity against JAK3 and Tyk2,,0.32799999999999996,,ctrp_AZD1480,0.328,.+.
triazolothiadiazine,Not Clinically Relevant,,0.327,,ctrp_triazolothiadiazine,0.327,.+.
bendamustine,alkylating agent,,0.327,,ctrp_bendamustine,0.327,.+.
daporinad,"inhibits biosynthesis of (NAD+ from niacinamide (vitamin B3), which may deplete energy reserves in metabolically active tumor cells",0.389,0.263,,ctrp_daporinad,0.326,++.
gw-843682x,Not Clinically Relevant,,0.325,,ctrp_GW-843682X,0.325,.+.
tivantinib,Met inhibitor,,0.325,,ctrp_tivantinib,0.325,.+.
lbw242,Not Clinically Relevant,,,0.325,ccle_LBW242,0.325,..+
mitomycin,"DNA Alkylator, works by cross-linking DNA and inhibiting DNA synthesis",,0.324,,ctrp_mitomycin,0.324,.+.
ml006,Not Clinically Relevant,,0.324,,ctrp_ML006,0.324,.+.
brd-k66532283,Not Clinically Relevant,,0.324,,ctrp_BRD-K66532283,0.324,.+.
i-bet-762,Not Clinically Relevant,0.324,,,gdsc_I-BET-762,0.324,+..
erastin,Not Clinically Relevant,,0.32299999999999995,,ctrp_erastin,0.323,.+.
ml031,Not Clinically Relevant,,0.322,,ctrp_ML031,0.322,.+.
sgx-523, Met inhibitor,,0.322,,ctrp_SGX-523,0.322,.+.
brd-k70511574,Not Clinically Relevant,,0.32,,ctrp_BRD-K70511574,0.32,.+.
decitabine,"Nucleoside analog, inhibitor of DNA methylation and DNA synthesis (Dacogen)",,0.319,,ctrp_decitabine,0.319,.+.
kh-cb19,Not Clinically Relevant,,0.319,,ctrp_KH-CB19,0.319,.+.
cil70,Not Clinically Relevant,,0.319,,ctrp_CIL70,0.319,.+.
myriocin,Not Clinically Relevant,,0.319,,ctrp_myriocin,0.319,.+.
brd-k90370028,Not Clinically Relevant,,0.319,,ctrp_BRD-K90370028,0.319,.+.
brd8899,Not Clinically Relevant,,0.319,,ctrp_BRD8899,0.319,.+.
trifluoperazine,"antipsychotic, antiadrenergic and antidopaminergic. Blocks dopamine D1 and D2 receptors ",,0.318,,ctrp_trifluoperazine,0.318,.+.
wz3105,Not Clinically Relevant,0.316,,,gdsc_WZ3105,0.316,+..
brd-k96431673,Not Clinically Relevant,,0.315,,ctrp_BRD-K96431673,0.315,.+.
ch-55,Not Clinically Relevant,,0.315,,ctrp_Ch-55,0.315,.+.
5-fluorouracil,antimetabolite,0.315,,,gdsc_5-Fluorouracil,0.315,+..
cyclophosphamide,"alkylating agent, nitrogen mustard family, works by disrupting the duplication of DNA and the creation of RNA (Cytoxan)",,0.315,,ctrp_cyclophosphamide,0.315,.+.
hyperforin,"Active ingredient in St. John's Wort, blocks reuptake of of serotonin, norepinephrine, dopamine and GABA",,0.314,,ctrp_hyperforin,0.314,.+.
parbendazole,Not Clinically Relevant,,0.314,,ctrp_parbendazole,0.314,.+.
am-580,Not Clinically Relevant,,0.314,,ctrp_AM-580,0.314,.+.
pik-93,Not Clinically Relevant,0.326,0.301,,ctrp_PIK-93,0.314,++.
brivanib,"multitargeted tyrosine kinase inhibitor, esp VEGFR and FGFR",,0.313,,ctrp_brivanib,0.313,.+.
fedratinib,JAK2 inhibitor,0.313,,,gdsc_Fedratinib,0.313,+..
manumycin a,Not Clinically Relevant,,0.313,,ctrp_manumycin A,0.313,.+.
entinostat,HDAC inhibitor,0.318,0.306,,ctrp_entinostat,0.312,++.
pitstop2,Not Clinically Relevant,,0.312,,ctrp_pitstop2,0.312,.+.
brd-k34222889,Not Clinically Relevant,,0.312,,ctrp_BRD-K34222889,0.312,.+.
narciclasine,Not Clinically Relevant,,0.312,,ctrp_narciclasine,0.312,.+.
cediranib,VEGFR inhibitor,,0.312,,ctrp_cediranib,0.312,.+.
azd4547,"FGFR-1,2 and 3 inhibitor",,0.311,,ctrp_AZD4547,0.311,.+.
brd-k80183349,Not Clinically Relevant,,0.311,,ctrp_BRD-K80183349,0.311,.+.
necrosulfonamide,Not Clinically Relevant,,0.311,,ctrp_necrosulfonamide,0.311,.+.
pyr-41,Not Clinically Relevant,,0.31,,ctrp_PYR-41,0.31,.+.
mi-1,Not Clinically Relevant,,0.309,,ctrp_MI-1,0.309,.+.
yk 4-279,Not Clinically Relevant,,0.309,,ctrp_YK 4-279,0.309,.+.
niclosamide,"used to treat tapeworm infestations,  inhibits glucose uptake, oxidative phosphorylation, and anaerobic metabolism in the tapeworm",,0.309,,ctrp_niclosamide,0.309,.+.
unc0638,Not Clinically Relevant,0.32,0.297,,ctrp_UNC0638,0.308,++.
vx-680,"VX-680, pan-Aurora inhibitor, mostly against Aurora A, less potent towards Aurora B/C",,0.308,,ctrp_VX-680,0.308,.+.
neuronal differentiation inducer iii,Not Clinically Relevant,,0.307,,ctrp_neuronal differentiation inducer III,0.307,.+.
pha-793887,"CDK inhibitor, esp CDK2, CDK5 and CDK7",0.34700000000000003,0.267,,ctrp_PHA-793887,0.307,++.
cerulenin,Not Clinically Relevant,,0.306,,ctrp_cerulenin,0.306,.+.
gossypol,"Natural product, may function to inhibit Bcl2 family members",,0.306,,ctrp_gossypol,0.306,.+.
cucurbitacin i,Not Clinically Relevant,,0.306,,ctrp_cucurbitacin I,0.306,.+.
bms-345541,Not Clinically Relevant,0.376,0.237,,ctrp_BMS-345541,0.306,++.
rigosertib,"ON-01910, Plk-1 inhibitor",,0.306,,ctrp_rigosertib,0.306,.+.
cay10603,Not Clinically Relevant,0.306,,,gdsc_CAY10603,0.306,+..
tipifarnib-p2,Not Clinically Relevant,,0.306,,ctrp_tipifarnib-P2,0.306,.+.
pluripotin,Not Clinically Relevant,,0.305,,ctrp_pluripotin,0.305,.+.
gsk-3 inhibitor ix,Not Clinically Relevant,,0.305,,ctrp_GSK-3 inhibitor IX,0.305,.+.
brd-k66453893,Not Clinically Relevant,,0.305,,ctrp_BRD-K66453893,0.305,.+.
camptothecin,Not Clinically Relevant,0.305,,,gdsc_Camptothecin,0.305,+..
dacarbazine,"alkylating agent, Dacarbazine works by methylating guanine at the O-6 and N-7 positions",,0.304,,ctrp_dacarbazine,0.304,.+.
ro4929097,Notch (gamma secretase) inhibitor,,0.304,,ctrp_RO4929097,0.304,.+.
bax channel blocker,Not Clinically Relevant,,0.304,,ctrp_Bax channel blocker,0.304,.+.
brd-k37390332,Not Clinically Relevant,,0.303,,ctrp_BRD-K37390332,0.303,.+.
ml311,Not Clinically Relevant,,0.303,,ctrp_ML311,0.303,.+.
at-406,Not Clinically Relevant,,0.303,,ctrp_AT-406,0.303,.+.
fqi-2,Not Clinically Relevant,,0.302,,ctrp_FQI-2,0.302,.+.
hli 373,Not Clinically Relevant,,0.302,,ctrp_HLI 373,0.302,.+.
brd-k17060750,Not Clinically Relevant,,0.301,,ctrp_BRD-K17060750,0.301,.+.
sb-525334,Not Clinically Relevant,,0.301,,ctrp_SB-525334,0.301,.+.
su11274,Not Clinically Relevant,,0.3,,ctrp_SU11274,0.3,.+.
etp-46464,Not Clinically Relevant,,0.3,,ctrp_ETP-46464,0.3,.+.
vorapaxar," thrombin receptor (protease-activated receptor, PAR-1) antagonist based on the natural product himbacine",,0.299,,ctrp_vorapaxar,0.299,.+.
ciclopirox,antifungal agent for topical dermatologic treatment of superficial mycoses,,0.299,,ctrp_ciclopirox,0.299,.+.
zm447439,Not Clinically Relevant,0.299,,,gdsc_ZM447439,0.299,+..
cd-437,Not Clinically Relevant,,0.299,,ctrp_CD-437,0.299,.+.
brd-k41334119,Not Clinically Relevant,,0.299,,ctrp_BRD-K41334119,0.299,.+.
brd1812,Not Clinically Relevant,,0.298,,ctrp_BRD1812,0.298,.+.
n9-isopropylolomoucine,Not Clinically Relevant,,0.297,,ctrp_N9-isopropylolomoucine,0.297,.+.
nintedanib,"tyrosine-kinase inhibitor, targeting VEGFR, FGFR and PDGFR",,0.297,,ctrp_nintedanib,0.297,.+.
merck60,Not Clinically Relevant,,0.297,,ctrp_Merck60,0.297,.+.
etoposide,Topo II inhibitor,0.265,0.32899999999999996,,gdsc_Etoposide,0.297,++.
ku-0063794,Not Clinically Relevant,,0.297,,ctrp_KU-0063794,0.297,.+.
genentech cpd 10,Not Clinically Relevant,0.297,,,gdsc_Genentech Cpd 10,0.297,+..
zg-10,Not Clinically Relevant,0.297,,,gdsc_ZG-10,0.297,+..
at-7519,Not Clinically Relevant,0.29600000000000004,,,gdsc_AT-7519,0.296,+..
pi-103,Not Clinically Relevant,0.256,0.335,,gdsc_PI-103,0.296,++.
kin001-244,Not Clinically Relevant,0.295,,,gdsc_KIN001-244,0.295,+..
qs-11,Not Clinically Relevant,,0.293,,ctrp_QS-11,0.293,.+.
jw-7-24-1,Not Clinically Relevant,0.293,,,gdsc_JW-7-24-1,0.293,+..
cil55a,Not Clinically Relevant,,0.293,,ctrp_CIL55A,0.293,.+.
b02,Not Clinically Relevant,,0.293,,ctrp_B02,0.293,.+.
gdc-0941,"Pictilisib, potent inhibitor of PI3Kα/δ, with modest selectivity against p110β (11-fold) and p110γ",,0.293,,ctrp_GDC-0941,0.293,.+.
importazole,Not Clinically Relevant,,0.292,,ctrp_importazole,0.292,.+.
osi-027,Not Clinically Relevant,0.28600000000000003,0.298,,gdsc_OSI-027,0.292,++.
ku-60019,Not Clinically Relevant,,0.292,,ctrp_KU-60019,0.292,.+.
brd-k35604418,Not Clinically Relevant,,0.292,,ctrp_BRD-K35604418,0.292,.+.
methylstat,Not Clinically Relevant,,0.292,,ctrp_methylstat,0.292,.+.
ql-x-138,Not Clinically Relevant,0.29100000000000004,,,gdsc_QL-X-138,0.291,+..
dacinostat,Not Clinically Relevant,0.29100000000000004,,,gdsc_Dacinostat,0.291,+..
stf-31,Not Clinically Relevant,,0.29100000000000004,,ctrp_STF-31,0.291,.+.
kx2-391,Src inhibitor (peptidomimetic) that targets the peptide substrate site of Src,,0.29100000000000004,,ctrp_KX2-391,0.291,.+.
cx-5461,Not Clinically Relevant,0.29,,,gdsc_CX-5461,0.29,+..
cil56,Not Clinically Relevant,,0.289,,ctrp_CIL56,0.289,.+.
ly-2157299,Not Clinically Relevant,,0.289,,ctrp_LY-2157299,0.289,.+.
pf-3758309,Not Clinically Relevant,,0.289,,ctrp_PF-3758309,0.289,.+.
gsk461364,"Plk1 inhibitor, less active against Plk2 and Plk3.",,0.28800000000000003,,ctrp_GSK461364,0.288,.+.
cal-101,"Idelalisib,  PI3K/p110δ inhibitor",,0.28800000000000003,,ctrp_CAL-101,0.288,.+.
bardoxolone methyl,Not Clinically Relevant,,0.28800000000000003,,ctrp_bardoxolone methyl,0.288,.+.
momelotinib,JAK1 and JAK2 inhibitor,,0.28800000000000003,,ctrp_momelotinib,0.288,.+.
gant-61,Not Clinically Relevant,,0.28800000000000003,,ctrp_GANT-61,0.288,.+.
tamatinib,(R4060) inhibitor of IgE and IgG-mediated activation of Fc receptor signaling. Primary target is Syk,,0.287,,ctrp_tamatinib,0.287,.+.
nakiterpiosin,Not Clinically Relevant,,0.287,,ctrp_nakiterpiosin,0.287,.+.
vincristine,"binds tubulin, disrupts microtubule dynamics",,0.287,,ctrp_vincristine,0.287,.+.
silmitasertib,casein kinase 2 inhibitor ,,0.28600000000000003,,ctrp_silmitasertib,0.286,.+.
ouabain,Not Clinically Relevant,,0.28600000000000003,,ctrp_ouabain,0.286,.+.
thalidomide,"interacts with the ubiquitin E3 ligase cereblon, targeting this enzyme to degrade the Ikaros transcription factors IKZF1 and IKZF3. Used for multiple myeloma",,0.28600000000000003,,ctrp_thalidomide,0.286,.+.
salermide,Not Clinically Relevant,,0.285,,ctrp_salermide,0.285,.+.
clofarabine,purine nucleoside antimetabolite,,0.285,,ctrp_clofarabine,0.285,.+.
nsc-207895,Not Clinically Relevant,0.285,,,gdsc_NSC-207895,0.285,+..
brd-k30748066,Not Clinically Relevant,,0.285,,ctrp_BRD-K30748066,0.285,.+.
brd-k27224038,Not Clinically Relevant,,0.285,,ctrp_BRD-K27224038,0.285,.+.
tgx-221,Not Clinically Relevant,,0.285,,ctrp_TGX-221,0.285,.+.
fluorouracil,antimetabolite,,0.284,,ctrp_fluorouracil,0.284,.+.
brd-k34099515,Not Clinically Relevant,,0.28300000000000003,,ctrp_BRD-K34099515,0.283,.+.
mi-2,Not Clinically Relevant,,0.28300000000000003,,ctrp_MI-2,0.283,.+.
pf-750,Not Clinically Relevant,,0.28300000000000003,,ctrp_PF-750,0.283,.+.
cay10618,Not Clinically Relevant,,0.281,,ctrp_CAY10618,0.281,.+.
ciclosporin,,,0.28,,ctrp_ciclosporin,0.28,.+.
nsc632839,Not Clinically Relevant,,0.28,,ctrp_NSC632839,0.28,.+.
alvocidib,"Flavopiridol, CDK inhibitor, works against CDK1, 2, 4, 6 and 9",,0.28,,ctrp_alvocidib,0.28,.+.
srt-1720,Not Clinically Relevant,,0.27899999999999997,,ctrp_SRT-1720,0.279,.+.
tandutinib,"FLT3 antagonist, also inhibits PDGFR and c-Kit, ",,0.278,,ctrp_tandutinib,0.278,.+.
curcumin,"Natural Product, component of turmeric, may function as HDAC inhibitor",,0.278,,ctrp_curcumin,0.278,.+.
blebbistatin,Not Clinically Relevant,,0.278,,ctrp_blebbistatin,0.278,.+.
ko-143,Not Clinically Relevant,,0.27699999999999997,,ctrp_Ko-143,0.277,.+.
pf-573228,Not Clinically Relevant,,0.27699999999999997,,ctrp_PF-573228,0.277,.+.
semagacestat,Notch (gamma secretase) inhibitor,,0.276,,ctrp_semagacestat,0.276,.+.
ml312,Not Clinically Relevant,,0.275,,ctrp_ML312,0.275,.+.
bleomycin a2,"Induces DNA strand breaks, inhibits incorporation of thymidine into DNA strands.",,0.27399999999999997,,ctrp_bleomycin A2,0.274,.+.
qw-bi-011,Not Clinically Relevant,,0.27399999999999997,,ctrp_QW-BI-011,0.274,.+.
cd-1530,Not Clinically Relevant,,0.27399999999999997,,ctrp_CD-1530,0.274,.+.
prima-1,Not Clinically Relevant,,0.27399999999999997,,ctrp_PRIMA-1,0.274,.+.
regorafenib,VEGFR2-TIE2 inhibitor ,,0.273,,ctrp_regorafenib,0.273,.+.
gsk690693,Not Clinically Relevant,0.273,,,gdsc_GSK690693,0.273,+..
nvp-231,Not Clinically Relevant,,0.272,,ctrp_NVP-231,0.272,.+.
cudc-101,Not Clinically Relevant,0.272,,,gdsc_CUDC-101,0.272,+..
teniposide,Topo II inhibitor,,0.272,,ctrp_teniposide,0.272,.+.
nvp-bez235,PI3K/mTOR inhibitor,,0.271,,ctrp_NVP-BEZ235,0.271,.+.
mk-1775,Wee1 kinase inhibitor,,0.271,,ctrp_MK-1775,0.271,.+.
3-cl-ahpc,Not Clinically Relevant,,0.271,,ctrp_3-Cl-AHPC,0.271,.+.
brd-a94377914,Not Clinically Relevant,,0.271,,ctrp_BRD-A94377914,0.271,.+.
purmorphamine,Not Clinically Relevant,,0.27,,ctrp_purmorphamine,0.27,.+.
sch-529074,Not Clinically Relevant,,0.27,,ctrp_SCH-529074,0.27,.+.
mk-0752,Notch (gamma secretase) inhibitor,,0.26899999999999996,,ctrp_MK-0752,0.269,.+.
triptolide,"diterpenoid epoxide from thunder god vine, may act on the XBP helicase that is a part of the TFIIH transcription factor complex",,0.26899999999999996,,ctrp_triptolide,0.269,.+.
cyanoquinoline 11,Not Clinically Relevant,,0.268,,ctrp_cyanoquinoline 11,0.268,.+.
fqi-1,Not Clinically Relevant,,0.268,,ctrp_FQI-1,0.268,.+.
fulvestrant,selective estrogen receptor degrader (SERD),,0.267,,ctrp_fulvestrant,0.267,.+.
wz4002,Not Clinically Relevant,,0.267,,ctrp_WZ4002,0.267,.+.
chm-1,Not Clinically Relevant,,0.267,,ctrp_CHM-1,0.267,.+.
brd-a86708339,Not Clinically Relevant,,0.267,,ctrp_BRD-A86708339,0.267,.+.
gw-405833,Not Clinically Relevant,,0.267,,ctrp_GW-405833,0.267,.+.
cr-1-31b,Not Clinically Relevant,,0.266,,ctrp_CR-1-31B,0.266,.+.
topotecan,Topo I inhibitor,,0.321,0.21,ccle_Topotecan,0.266,.++
wz8040,Not Clinically Relevant,,0.266,,ctrp_WZ8040,0.266,.+.
sr-ii-138a,Not Clinically Relevant,,0.265,,ctrp_SR-II-138A,0.265,.+.
brd-k45681478,Not Clinically Relevant,,0.265,,ctrp_BRD-K45681478,0.265,.+.
dinaciclib,"CDK inhibitor, esp CDK1, 2, 5, and 9",,0.265,,ctrp_dinaciclib,0.265,.+.
sch-79797,Not Clinically Relevant,,0.264,,ctrp_SCH-79797,0.264,.+.
sb-743921,kinesin spindle protein (KSP) inhibitor,,0.263,,ctrp_SB-743921,0.263,.+.
ci-976,Not Clinically Relevant,,0.263,,ctrp_CI-976,0.263,.+.
smer-3,Not Clinically Relevant,,0.263,,ctrp_SMER-3,0.263,.+.
leptomycin b,Not Clinically Relevant,,0.263,,ctrp_leptomycin B,0.263,.+.
gsk2636771,"PI3K beta inhibitor, >900-fold selectivity over PI3Kα/PI3Kγ and >10-fold over PI3Kδ. ",,0.262,,ctrp_GSK2636771,0.262,.+.
fluvastatin,"HMG-CoA reductase inhibitor,",,0.262,,ctrp_fluvastatin,0.262,.+.
r428,Not Clinically Relevant,,0.261,,ctrp_R428,0.261,.+.
cp466722,Not Clinically Relevant,0.261,,,gdsc_CP466722,0.261,+..
phloretin,Not Clinically Relevant,,0.261,,ctrp_phloretin,0.261,.+.
nvp-bsk805,Not Clinically Relevant,,0.261,,ctrp_NVP-BSK805,0.261,.+.
at7867,Not Clinically Relevant,,0.26,,ctrp_AT7867,0.26,.+.
az-3146,Not Clinically Relevant,,0.26,,ctrp_AZ-3146,0.26,.+.
prl-3 inhibitor i,Not Clinically Relevant,,0.26,,ctrp_PRL-3 inhibitor I,0.26,.+.
canertinib,"pan-ErbB inhibitor for EGFR and ErbB2,  no activity to PDGFR, FGFR, InsR, PKC, or CDK1/2/4. ",,0.259,,ctrp_canertinib,0.259,.+.
agk-2,Not Clinically Relevant,,0.256,,ctrp_AGK-2,0.256,.+.
thz-2-102-1,Not Clinically Relevant,0.256,,,gdsc_THZ-2-102-1,0.256,+..
cytochalasin b,Not Clinically Relevant,,0.255,,ctrp_cytochalasin B,0.255,.+.
prochlorperazine,"dopamine (D2) receptor antagonist, used for treatment of nausea and vertigo.",,0.255,,ctrp_prochlorperazine,0.255,.+.
tosedostat,inhibitor of the M1 family of aminopeptidases,,0.254,,ctrp_tosedostat,0.254,.+.
i-bet151,Not Clinically Relevant,,0.253,,ctrp_I-BET151,0.253,.+.
irinotecan,"aka CPT-11, inhibitor of Topo I",,,0.251,ccle_Irinotecan,0.251,..+
hbx-41108,Not Clinically Relevant,,0.25,,ctrp_HBX-41108,0.25,.+.
cay10594,Not Clinically Relevant,,0.249,,ctrp_CAY10594,0.249,.+.
jq-1,Not Clinically Relevant,,0.247,,ctrp_JQ-1,0.247,.+.
dbeq,Not Clinically Relevant,,0.247,,ctrp_DBeQ,0.247,.+.
pifithrin-alpha,Not Clinically Relevant,,0.247,,ctrp_pifithrin-alpha,0.247,.+.
brd-a02303741,Not Clinically Relevant,,0.247,,ctrp_BRD-A02303741,0.247,.+.
brd9876,Not Clinically Relevant,,0.24600000000000002,,ctrp_BRD9876,0.246,.+.
marinopyrrole a,Not Clinically Relevant,,0.24600000000000002,,ctrp_marinopyrrole A,0.246,.+.
tw-37,Not Clinically Relevant,,0.245,,ctrp_TW-37,0.245,.+.
aew541,Not Clinically Relevant,,,0.245,ccle_AEW541,0.245,..+
wp1130,Not Clinically Relevant,,0.245,,ctrp_WP1130,0.245,.+.
ym-155,"YM155 (Sepantronium Bromide), survivin suppressant ",,0.245,,ctrp_YM-155,0.245,.+.
palmostatin b,Not Clinically Relevant,,0.244,,ctrp_palmostatin B,0.244,.+.
"1s,3r-rsl-3",Not Clinically Relevant,,0.244,,"ctrp_1S,3R-RSL-3",0.244,.+.
oligomycin a,Not Clinically Relevant,,0.242,,ctrp_oligomycin A,0.242,.+.
sirolimus,"rapamycin, mTOR inhibitor",,0.242,,ctrp_sirolimus,0.242,.+.
brd-k01737880,Not Clinically Relevant,,0.24,,ctrp_BRD-K01737880,0.24,.+.
tg-101348,JAK2 inhibitor,,0.24,,ctrp_TG-101348,0.24,.+.
ml210,Not Clinically Relevant,,0.239,,ctrp_ML210,0.239,.+.
dexamethasone,"synthetic corticosteroid, used to reduce inflammation",,0.23800000000000002,,ctrp_dexamethasone,0.238,.+.
ml320,Not Clinically Relevant,,0.237,,ctrp_ML320,0.237,.+.
wiki4,Not Clinically Relevant,0.235,,,gdsc_WIKI4,0.235,+..
tigecycline,antibiotic used to treat a number of bacterial infections,,0.23399999999999999,,ctrp_tigecycline,0.234,.+.
neopeltolide,Not Clinically Relevant,,0.23399999999999999,,ctrp_neopeltolide,0.234,.+.
ql-xii-47,Not Clinically Relevant,0.23399999999999999,,,gdsc_QL-XII-47,0.234,+..
obatoclax,Not Clinically Relevant,,0.233,,ctrp_obatoclax,0.233,.+.
le-135,Not Clinically Relevant,,0.23199999999999998,,ctrp_LE-135,0.232,.+.
ex-527,SIRT1 inhibitor,,0.231,,ctrp_EX-527,0.231,.+.
gsk525762a,Not Clinically Relevant,,0.22899999999999998,,ctrp_GSK525762A,0.229,.+.
unc0321,Not Clinically Relevant,,0.22899999999999998,,ctrp_UNC0321,0.229,.+.
brd4132,Not Clinically Relevant,,0.22699999999999998,,ctrp_BRD4132,0.227,.+.
ku 0060648,Not Clinically Relevant,,0.226,,ctrp_KU 0060648,0.226,.+.
vandetanib,"VEGFR, EGFR and RET inhibitor",,0.22399999999999998,,ctrp_vandetanib,0.224,.+.
lovastatin,"HMG-CoA reductase inhibitor,",,0.22399999999999998,,ctrp_lovastatin,0.224,.+.
myricetin,Not Clinically Relevant,,0.22,,ctrp_myricetin,0.22,.+.
sns-032,"CDK inhibitor, esp CDK2 , 7 and 9 ",,0.21600000000000003,,ctrp_SNS-032,0.216,.+.
mitomycin-c,"DNA Alkylator, works by cross-linking DNA and inhibiting DNA synthesis",0.213,,,gdsc_Mitomycin-C,0.213,+..
ruxolitinib,"JAK1/2 inhibitor, used for myelofibrosis and polycythemia vera",0.764,-0.358,,ctrp_ruxolitinib,0.203,+-.
masitinib,"tyrosine-kinase inhibitor used in the treatment of mast cell tumors in animals, specifically dogs",0.436,-0.24100000000000002,,ctrp_masitinib,0.097,+-.
methotrexate,"antimetabolite, competitively inhibits dihydrofolate reductase (DHFR), inhibits synthesis of DNA, RNA, thymidylates, and proteins",0.319,-0.174,,ctrp_methotrexate,0.073,+-.
serdemetan,"(JNJ-26854165) Mdm2 antagonist, stabilizes p53",-0.34299999999999997,0.439,,gdsc_Serdemetan,0.048,-+.
snx-2112,Not Clinically Relevant,0.306,-0.252,,ctrp_SNX-2112,0.027,+-.
doxorubicin,"Topo II inhibitor, DNA intercalator",-0.256,0.287,,gdsc_Doxorubicin,0.015,-+.
raf265,inhibitor of C-Raf/B-Raf/B-Raf V600E,,0.257,-0.23399999999999999,ccle_RAF265,0.012,.+-
sn-38,"Topo I inhibitor, active metabolite of irinotecan but 1000 times more active",-0.326,0.33,,gdsc_SN-38,0.002,-+.
gemcitabine,"Nucleoside analog,incorporation into DNA creates an irreparable error that leads to inhibition of further DNA synthesis",-0.259,0.245,,gdsc_Gemcitabine,-0.007,-+.
mk-2206,Akt1/2/3 inhibitor,-0.341,0.318,,gdsc_MK-2206,-0.012,-+.
azd7762, Chk1 / Chk2 inhibitor,-0.297,0.263,,gdsc_AZD7762,-0.017,-+.
tamoxifen,"ER antagonist prodrug; converted to 4-OHT and endoxifen in the liver; competes with estrogen for ER binding, inhibits transcription of estrogen target genes",-0.402,0.368,,gdsc_Tamoxifen,-0.017,-+.
olaparib,PARP Inhibitor,-0.43200000000000005,0.391,,gdsc_Olaparib,-0.021,-+.
bi-2536,"Plk1 inhibitor, less active against Plk2 and Plk3.",-0.32799999999999996,0.284,,gdsc_BI-2536,-0.022,-+.
zstk474,"PI3K inhibitor, inhibits all four PI3K isoforms, but most active against PI3Kδ",-0.332,0.284,,gdsc_ZSTK474,-0.024,-+.
cabozantinib,"MET, AXL, VEGFR and RET inhibitor",-0.413,0.35700000000000004,,gdsc_Cabozantinib,-0.028,-+.
temozolomide,alkylating agent,-0.377,0.301,,gdsc_Temozolomide,-0.038,-+.
docetaxel,inhibits microtubule dynamics; semi-synthetic analogue of paclitaxel,-0.361,0.285,,gdsc_Docetaxel,-0.038,-+.
nutlin-3,"Mdm2 antagonist, stabilizes p53 ",,0.26,-0.336,ccle_Nutlin-3,-0.038,.+-
bexarotene,"retinoid that selectively activates retinoid X receptors (RXRs), induces cell differentiation and apoptosis ",-0.467,0.385,,gdsc_Bexarotene,-0.041,-+.
azd8055,mTOR inhibitor,-0.335,0.25,,gdsc_AZD8055,-0.043,-+.
piperlongumine,Not Clinically Relevant,-0.373,0.28300000000000003,,gdsc_Piperlongumine,-0.045,-+.
mg-132,Not Clinically Relevant,-0.373,0.27699999999999997,,gdsc_MG-132,-0.048,-+.
temsirolimus,Not Clinically Relevant,-0.392,0.292,,gdsc_Temsirolimus,-0.05,-+.
ku-55933,Not Clinically Relevant,-0.433,0.32899999999999996,,gdsc_KU-55933,-0.052,-+.
bms-536924,Not Clinically Relevant,-0.379,0.26899999999999996,,gdsc_BMS-536924,-0.055,-+.
pevonedistat,"(MLN4924), inhibitor of NEDD8-activating enzyme (NAE)",-0.37,0.254,,gdsc_Pevonedistat,-0.058,-+.
sunitinib,"VEGFR2, PDGFRb and c-kit inhibitor; also inhibits FLT3",-0.42200000000000004,0.29600000000000004,,gdsc_Sunitinib,-0.063,-+.
nvp-tae684,Not Clinically Relevant,-0.467,0.298,,gdsc_NVP-TAE684,-0.085,-+.
chir-99021,Not Clinically Relevant,-0.425,0.255,,gdsc_CHIR-99021,-0.085,-+.
pazopanib,"KIT, FGFR, PDGFR and VEGFR inhibitor",-0.48700000000000004,0.301,,gdsc_Pazopanib,-0.093,-+.
paclitaxel,disrupts microtubule dynamics,-0.34,0.263,-0.212,gdsc_Paclitaxel,-0.096,-+-
azd6482,"PI3Kβ inhibitor, less active against PI3Kδ, PI3Kα and PI3Kγ ",-0.485,0.27399999999999997,,gdsc_AZD6482,-0.106,-+.
crizotinib,"ALK, ROS1 and MET inhibitor",-0.584,0.35,,gdsc_Crizotinib,-0.117,-+.
parthenolide,Not Clinically Relevant,-0.496,0.253,,gdsc_Parthenolide,-0.122,-+.
bosutinib,"BCR-Abl, Src, Lyn and Hck inhibitor",-0.517,0.256,,gdsc_Bosutinib,-0.13,-+.
sorafenib,"VEGFR, PDGFR and Raf (c-Raf) inhibitor",-0.49,0.32,-0.259,gdsc_Sorafenib,-0.143,-+-
brd-k71935468,Not Clinically Relevant,,-0.191,,ctrp_BRD-K71935468,-0.191,.-.
linifanib,"RTK inhibitor, targets VEGFR, PDGFR, KDR, and CSF-1R",-0.67,0.266,,gdsc_Linifanib,-0.202,-+.
ipa-3,Not Clinically Relevant,-0.212,,,gdsc_IPA-3,-0.212,-..
bafilomycin a1,Not Clinically Relevant,,-0.215,,ctrp_bafilomycin A1,-0.215,.-.
sid 26681509,Not Clinically Relevant,,-0.21600000000000003,,ctrp_SID 26681509,-0.216,.-.
brd-k33514849,Not Clinically Relevant,,-0.217,,ctrp_BRD-K33514849,-0.217,.-.
stemregenin 1,Not Clinically Relevant,,-0.226,,ctrp_StemRegenin 1,-0.226,.-.
gsk-j4,Not Clinically Relevant,,-0.226,,ctrp_GSK-J4,-0.226,.-.
austocystin d,Not Clinically Relevant,,-0.22699999999999998,,ctrp_austocystin D,-0.227,.-.
brd-k63431240,Not Clinically Relevant,,-0.231,,ctrp_BRD-K63431240,-0.231,.-.
brefeldin a,Not Clinically Relevant,,-0.235,,ctrp_brefeldin A,-0.235,.-.
neratinib,Her2 and EGFR inhibitor,,-0.235,,ctrp_neratinib,-0.235,.-.
ng-25,Not Clinically Relevant,-0.23800000000000002,,,gdsc_NG-25,-0.238,-..
avicin d,Not Clinically Relevant,,-0.239,,ctrp_avicin D,-0.239,.-.
zd-6474,"VEGFR, EGFR and RET inhibitor",,,-0.24,ccle_ZD-6474,-0.24,..-
pd-0325901,Not Clinically Relevant,,,-0.24100000000000002,ccle_PD-0325901,-0.241,..-
tae684,Not Clinically Relevant,,,-0.24100000000000002,ccle_TAE684,-0.241,..-
sepantronium bromide,"YM155 (Sepantronium Bromide), survivin suppressant ",-0.243,,,gdsc_Sepantronium bromide,-0.243,-..
mln2480,"TAK-580, pan-Raf kinase inhibitor",,-0.244,,ctrp_MLN2480,-0.244,.-.
jq1,Not Clinically Relevant,-0.245,,,gdsc_JQ1,-0.245,-..
17-aag,Not Clinically Relevant,,,-0.248,ccle_17-AAG,-0.248,..-
azd0530,"kinase inhibitor, with selectivity against Src and Bcr-Abl",,,-0.25,ccle_AZD0530,-0.25,..-
brd-k48334597,Not Clinically Relevant,,-0.252,,ctrp_BRD-K48334597,-0.252,.-.
betulinic acid,Not Clinically Relevant,,-0.254,,ctrp_betulinic acid,-0.254,.-.
brd-k97651142,Not Clinically Relevant,,-0.254,,ctrp_BRD-K97651142,-0.254,.-.
pd-0332991,CDK4/6 inhibitor,,,-0.255,ccle_PD-0332991,-0.255,..-
tki258,Not Clinically Relevant,,,-0.256,ccle_TKI258,-0.256,..-
vinorelbine,Not Clinically Relevant,-0.256,,,gdsc_Vinorelbine,-0.256,-..
brd8958,Not Clinically Relevant,,-0.257,,ctrp_BRD8958,-0.257,.-.
col-3,matrix metalloproteinase (MMP) inhibitor,,-0.257,,ctrp_COL-3,-0.257,.-.
simvastatin,"HMG-CoA reductase inhibitor,",,-0.262,,ctrp_simvastatin,-0.262,.-.
sb590885,Not Clinically Relevant,-0.263,,,gdsc_SB590885,-0.263,-..
khs101,Not Clinically Relevant,,-0.264,,ctrp_KHS101,-0.264,.-.
tl-1-85,Not Clinically Relevant,-0.264,,,gdsc_TL-1-85,-0.264,-..
spautin-1,Not Clinically Relevant,,-0.265,,ctrp_spautin-1,-0.265,.-.
c6-ceramide,Not Clinically Relevant,,-0.265,,ctrp_C6-ceramide,-0.265,.-.
gsk650394,Not Clinically Relevant,-0.265,,,gdsc_GSK650394,-0.265,-..
brd-k48477130,Not Clinically Relevant,,-0.267,,ctrp_BRD-K48477130,-0.267,.-.
phenformin,Anti-diabetic AMPK Activator - mTOR Inhibitor - Autophagy inducer,-0.267,,,gdsc_Phenformin,-0.267,-..
dmog,Not Clinically Relevant,-0.27,,,gdsc_DMOG,-0.27,-..
brd-a05715709,Not Clinically Relevant,,-0.27,,ctrp_BRD-A05715709,-0.27,.-.
pyrazolanthrone,Not Clinically Relevant,,-0.27,,ctrp_pyrazolanthrone,-0.27,.-.
valdecoxib,"NSAID used in the treatment of osteoarthritis, rheumatoid arthritis",,-0.271,,ctrp_valdecoxib,-0.271,.-.
bec,Not Clinically Relevant,,-0.271,,ctrp_BEC,-0.271,.-.
mln2238,"Ixazomib, Proteasome inhibitor, inhibits the chymotrypsin-like proteolytic (β5) site of the 20S proteasome ",,-0.272,,ctrp_MLN2238,-0.272,.-.
tw 37,Not Clinically Relevant,-0.273,,,gdsc_TW 37,-0.273,-..
brd-k14844214,Not Clinically Relevant,,-0.27399999999999997,,ctrp_BRD-K14844214,-0.274,.-.
elesclomol,Not Clinically Relevant,-0.275,,,gdsc_Elesclomol,-0.275,-..
sj-172550,Not Clinically Relevant,,-0.275,,ctrp_SJ-172550,-0.275,.-.
pfi-1,Not Clinically Relevant,-0.278,,,gdsc_PFI-1,-0.278,-..
yk-4-279,Not Clinically Relevant,-0.27899999999999997,,,gdsc_YK-4-279,-0.279,-..
vu0155056,Not Clinically Relevant,,-0.28,,ctrp_VU0155056,-0.28,.-.
ml258,Not Clinically Relevant,,-0.28,,ctrp_ML258,-0.28,.-.
brd-k94991378,Not Clinically Relevant,,-0.28,,ctrp_BRD-K94991378,-0.28,.-.
omipalisib,Not Clinically Relevant,-0.281,,,gdsc_Omipalisib,-0.281,-..
azd6244,MEK1 inhibitor,,,-0.282,ccle_AZD6244,-0.282,..-
bay-61-3606,Not Clinically Relevant,-0.282,,,gdsc_BAY-61-3606,-0.282,-..
epothilone b,Not Clinically Relevant,-0.282,,,gdsc_Epothilone B,-0.282,-..
vaf-347,Not Clinically Relevant,,-0.28300000000000003,,ctrp_VAF-347,-0.283,.-.
ver-155008,Not Clinically Relevant,,-0.28300000000000003,,ctrp_VER-155008,-0.283,.-.
thz-2-49,Not Clinically Relevant,-0.285,,,gdsc_THZ-2-49,-0.285,-..
aa-cocf3,Not Clinically Relevant,,-0.285,,ctrp_AA-COCF3,-0.285,.-.
npc-26,Not Clinically Relevant,,-0.285,,ctrp_NPC-26,-0.285,.-.
azd7545,Not Clinically Relevant,,-0.28600000000000003,,ctrp_AZD7545,-0.286,.-.
nelarabine,"purine nucleoside analog, which causes inhibition of DNA synthesis and cytotoxicity",,-0.287,,ctrp_nelarabine,-0.287,.-.
bx796,Not Clinically Relevant,-0.287,,,gdsc_BX796,-0.287,-..
pd318088,Not Clinically Relevant,,-0.287,,ctrp_PD318088,-0.287,.-.
bcl-lzh-4,Not Clinically Relevant,,-0.289,,ctrp_BCL-LZH-4,-0.289,.-.
a-804598,Not Clinically Relevant,,-0.29,,ctrp_A-804598,-0.29,.-.
brd-k55116708,Not Clinically Relevant,,-0.29,,ctrp_BRD-K55116708,-0.29,.-.
cid-5951923,Not Clinically Relevant,,-0.292,,ctrp_CID-5951923,-0.292,.-.
at13387,Selective potent Hsp90 inhibitor,,-0.292,,ctrp_AT13387,-0.292,.-.
gw843682x,Not Clinically Relevant,-0.294,,,gdsc_GW843682X,-0.294,-..
fumonisin b1,Not Clinically Relevant,,-0.29600000000000004,,ctrp_fumonisin B1,-0.296,.-.
brd-k64610608,Not Clinically Relevant,,-0.29600000000000004,,ctrp_BRD-K64610608,-0.296,.-.
pf2341066,"ALK, ROS1 and MET inhibitor",,,-0.298,ccle_PF2341066,-0.298,..-
lestauritinib,Not Clinically Relevant,-0.3,,,gdsc_Lestauritinib,-0.3,-..
brd-k09344309,Not Clinically Relevant,,-0.301,,ctrp_BRD-K09344309,-0.301,.-.
plx4720,Not Clinically Relevant,,,-0.301,ccle_PLX4720,-0.301,..-
brd-k27986637,Not Clinically Relevant,,-0.303,,ctrp_BRD-K27986637,-0.303,.-.
shikonin,Not Clinically Relevant,-0.303,,,gdsc_Shikonin,-0.303,-..
panobinostat,HDAC inhibitor,,,-0.304,ccle_Panobinostat,-0.304,..-
ml334 diastereomer,Not Clinically Relevant,,-0.304,,ctrp_ML334 diastereomer,-0.304,.-.
brd-k50799972,Not Clinically Relevant,,-0.304,,ctrp_BRD-K50799972,-0.304,.-.
vinblastine,"disrupts microtubule dynamics; vinca alkaloid, chemical analogue of vincristine",-0.305,,,gdsc_Vinblastine,-0.305,-..
l-685458,Not Clinically Relevant,,-0.307,-0.303,ctrp_L-685458,-0.305,.--
as605240,Not Clinically Relevant,-0.305,,,gdsc_AS605240,-0.305,-..
ifosfamide,"alkylating agent, nitrogen mustard family, works by disrupting the duplication of DNA and the creation of RNA",,-0.306,,ctrp_ifosfamide,-0.306,.-.
way-362450,Not Clinically Relevant,,-0.306,,ctrp_WAY-362450,-0.306,.-.
nilotinib,"inhibits the kinases BCR-ABL,[26] KIT, LCK, EPHA3, EPHA8, DDR1, DDR2, PDGFRB, MAPK11 and ZAK",-0.218,-0.33299999999999996,-0.368,ccle_Nilotinib,-0.306,---
brd-k85133207,Not Clinically Relevant,,-0.307,,ctrp_BRD-K85133207,-0.307,.-.
lapatinib,HER2/EGFR inhibitor,-0.365,-0.28800000000000003,-0.268,gdsc_Lapatinib,-0.307,---
saracatinib,"kinase inhibitor, with selectivity against Src and Bcr-Abl",-0.358,-0.258,,gdsc_Saracatinib,-0.308,--.
seliciclib,Not Clinically Relevant,-0.308,,,gdsc_Seliciclib,-0.308,-..
xmd8-92,Not Clinically Relevant,-0.308,,,gdsc_XMD8-92,-0.308,-..
ml029,Not Clinically Relevant,,-0.309,,ctrp_ML029,-0.309,.-.
bleomycin,"Induces DNA strand breaks, inhibits incorporation of thymidine into DNA strands.",-0.309,,,gdsc_Bleomycin,-0.309,-..
osu-03012,Not Clinically Relevant,-0.31,,,gdsc_OSU-03012,-0.31,-..
cct-018159,Not Clinically Relevant,-0.31,,,gdsc_CCT-018159,-0.31,-..
cmk,Not Clinically Relevant,-0.311,,,gdsc_CMK,-0.311,-..
ponatinib,Bcr-abl inhibitor,-0.312,,,gdsc_Ponatinib,-0.312,-..
gdc-0879,Not Clinically Relevant,,-0.313,,ctrp_GDC-0879,-0.313,.-.
imatinib,"Bcr-abl, c-kit and PDGFR inhibitor",-0.255,-0.37799999999999995,,ctrp_imatinib,-0.316,--.
istradefylline,"adenosine A2A receptor antagonist, useful in the treatment of Parkinson's disease",,-0.316,,ctrp_istradefylline,-0.316,.-.
pf-543,Not Clinically Relevant,,-0.316,,ctrp_PF-543,-0.316,.-.
thapsigargin,Not Clinically Relevant,-0.317,,,gdsc_Thapsigargin,-0.317,-..
erismodegib,Hedgehog (Smoothened) antagonist (LDE225),,-0.319,,ctrp_erismodegib,-0.319,.-.
jq12,Not Clinically Relevant,-0.321,,,gdsc_JQ12,-0.321,-..
pictilisib,"Pictilisib, potent inhibitor of PI3Kα/δ, with modest selectivity against p110β (11-fold) and p110γ",-0.321,,,gdsc_Pictilisib,-0.321,-..
luminespib,Not Clinically Relevant,-0.32299999999999995,,,gdsc_Luminespib,-0.323,-..
abiraterone,steroidal CYP17A1 inhibitor and androgen synthesis inhibitor ,,-0.324,,ctrp_abiraterone,-0.324,.-.
zibotentan,Not Clinically Relevant,-0.324,,,gdsc_Zibotentan,-0.324,-..
cbb-1007,Not Clinically Relevant,,-0.325,,ctrp_CBB-1007,-0.325,.-.
gsk4112,Not Clinically Relevant,,-0.326,,ctrp_GSK4112,-0.326,.-.
brd-k71781559,Not Clinically Relevant,,-0.32799999999999996,,ctrp_BRD-K71781559,-0.328,.-.
azacitidine,"Nucleoside analog, inhibitor of DNA methylation and DNA/RNA synthesis (Vidaza)",,-0.32899999999999996,,ctrp_azacitidine,-0.329,.-.
erlotinib,EGFR inhibitor (Tarceva),-0.33399999999999996,-0.37200000000000005,-0.28800000000000003,ctrp_erlotinib,-0.331,---
brd-k16147474,Not Clinically Relevant,,-0.332,,ctrp_BRD-K16147474,-0.332,.-.
brd-k04800985,Not Clinically Relevant,,-0.332,,ctrp_BRD-K04800985,-0.332,.-.
cytarabine,"antimetabolite, causes DNA damage,  inhibits both DNA and RNA polymerases and nucleotide reductase enzymes needed for DNA synthesis",-0.33399999999999996,,,gdsc_Cytarabine,-0.334,-..
s-trityl-l-cysteine,Not Clinically Relevant,-0.335,,,gdsc_S-Trityl-L-cysteine,-0.335,-..
ibrutinib,BTK kinase inhibitor,,-0.335,,ctrp_ibrutinib,-0.335,.-.
embelin,Not Clinically Relevant,-0.335,,,gdsc_Embelin,-0.335,-..
osi-930," inhibitor of Kit, KDR and CSF-1R; also potent to Flt-1, c-Raf and Lck",-0.409,-0.263,,gdsc_OSI-930,-0.336,--.
procarbazine,alkylating agent,,-0.337,,ctrp_procarbazine,-0.337,.-.
dactolisib,PI3K/mTOR inhibitor,-0.337,,,gdsc_Dactolisib,-0.337,-..
obatoclax mesylate,Not Clinically Relevant,-0.33799999999999997,,,gdsc_Obatoclax Mesylate,-0.338,-..
sr8278,Not Clinically Relevant,,-0.341,,ctrp_SR8278,-0.341,.-.
ipr-456,Not Clinically Relevant,,-0.341,,ctrp_IPR-456,-0.341,.-.
palbociclib,CDK4/6 inhibitor,-0.344,,,gdsc_Palbociclib,-0.344,-..
brd-k09587429,Not Clinically Relevant,,-0.345,,ctrp_BRD-K09587429,-0.345,.-.
a-443654,Not Clinically Relevant,-0.348,,,gdsc_A-443654,-0.348,-..
brd9647,Not Clinically Relevant,,-0.35,,ctrp_BRD9647,-0.35,.-.
tipifarnib,Not Clinically Relevant,-0.35,,,gdsc_Tipifarnib,-0.35,-..
sgc0946,Not Clinically Relevant,-0.354,,,gdsc_SGC0946,-0.354,-..
enzastaurin,Not Clinically Relevant,-0.354,,,gdsc_Enzastaurin,-0.354,-..
hg6-64-1,Not Clinically Relevant,-0.354,,,gdsc_HG6-64-1,-0.354,-..
pyrimethamine,Not Clinically Relevant,-0.355,,,gdsc_Pyrimethamine,-0.355,-..
akt inhibitor viii,Not Clinically Relevant,-0.355,,,gdsc_AKT inhibitor VIII,-0.355,-..
bleomycin (50 um),Not Clinically Relevant,-0.35700000000000004,,,gdsc_Bleomycin (50 uM),-0.357,-..
nvp-bhg712,Not Clinically Relevant,-0.35700000000000004,,,gdsc_NVP-BHG712,-0.357,-..
etomoxir,"agonist of PPARα, inhibitor of carnitine palmitoyltransferase-1 (CPT-1)",,-0.35700000000000004,,ctrp_etomoxir,-0.357,.-.
brd-k41597374,Not Clinically Relevant,,-0.358,,ctrp_BRD-K41597374,-0.358,.-.
veliparib,PARP inhibitor.,-0.433,-0.284,,gdsc_Veliparib,-0.358,--.
bortezomib,proteasome inhibitor (Velcade),-0.455,-0.26,,gdsc_Bortezomib,-0.358,--.
trametinib,MEK inhibitor (MEK1 and MEK2),-0.43200000000000005,-0.285,,gdsc_Trametinib,-0.359,--.
gsk269962a,Not Clinically Relevant,-0.359,,,gdsc_GSK269962A,-0.359,-..
isonicotinohydroxamic acid,Not Clinically Relevant,,-0.359,,ctrp_isonicotinohydroxamic acid,-0.359,.-.
bicalutamide,"antiandrogen, used to treat prostate cancer",-0.363,,,gdsc_Bicalutamide,-0.363,-..
brd-k33199242,Not Clinically Relevant,,-0.364,,ctrp_BRD-K33199242,-0.364,.-.
jnk-9l,Not Clinically Relevant,-0.365,,,gdsc_JNK-9L,-0.365,-..
(5z)-7-oxozeaenol,Not Clinically Relevant,-0.36700000000000005,,,gdsc_(5Z)-7-Oxozeaenol,-0.367,-..
xmd11-85h,Not Clinically Relevant,-0.36700000000000005,,,gdsc_XMD11-85h,-0.367,-..
ic-87114,Not Clinically Relevant,,-0.368,,ctrp_IC-87114,-0.368,.-.
salubrinal,Not Clinically Relevant,-0.369,,,gdsc_Salubrinal,-0.369,-..
ql-viii-58,Not Clinically Relevant,-0.369,,,gdsc_QL-VIII-58,-0.369,-..
brd-k52037352,Not Clinically Relevant,,-0.371,,ctrp_BRD-K52037352,-0.371,.-.
sb-431542,Not Clinically Relevant,,-0.371,,ctrp_SB-431542,-0.371,.-.
midostaurin,Not Clinically Relevant,-0.373,,,gdsc_Midostaurin,-0.373,-..
unc1215,Not Clinically Relevant,-0.374,,,gdsc_UNC1215,-0.374,-..
as601245,Not Clinically Relevant,-0.376,,,gdsc_AS601245,-0.376,-..
pf-562271,Not Clinically Relevant,-0.382,,,gdsc_PF-562271,-0.382,-..
zebularine,Not Clinically Relevant,,-0.384,,ctrp_zebularine,-0.384,.-.
lenalidomide,"derivative of thalidomide, which interacts with the ubiquitin E3 ligase cereblon, targeting this enzyme to degrade the Ikaros transcription factors IKZF1 and IKZF3. Used for multiple myeloma",-0.385,,,gdsc_Lenalidomide,-0.385,-..
fh535,Not Clinically Relevant,-0.386,,,gdsc_FH535,-0.386,-..
dasatinib,"BCR-Abl, Src, c-Kit inhibitor",-0.46,-0.315,,gdsc_Dasatinib,-0.388,--.
fr-180204,Not Clinically Relevant,-0.389,,,gdsc_FR-180204,-0.389,-..
pd0325901,Not Clinically Relevant,-0.389,,,gdsc_PD0325901,-0.389,-..
birinapant,"SMAC mimetic, mostly to cIAP1, less potent against XIAP.",,-0.389,,ctrp_birinapant,-0.389,.-.
gefitinib,EGFR inhibitor (Iressa),-0.517,-0.261,,gdsc_Gefitinib,-0.389,--.
lfm-a13,Not Clinically Relevant,-0.39,,,gdsc_LFM-A13,-0.39,-..
stf-62247,Not Clinically Relevant,-0.392,,,gdsc_STF-62247,-0.392,-..
pf-4708671,Not Clinically Relevant,-0.39899999999999997,,,gdsc_PF-4708671,-0.399,-..
gsk1904529a,Not Clinically Relevant,-0.4,,,gdsc_GSK1904529A,-0.4,-..
eht-1864,Not Clinically Relevant,-0.401,,,gdsc_EHT-1864,-0.401,-..
o-6-benzylguanine,"guanine analog, binds the DNA repair enzyme O(6)-alkylguanine DNA alkyltransferase (AGT) resulting in inhibition of AGT-mediated DNA repair",,-0.402,,ctrp_O-6-benzylguanine,-0.402,.-.
wh-4-023,Not Clinically Relevant,-0.40399999999999997,,,gdsc_WH-4-023,-0.404,-..
brd-k49290616,Not Clinically Relevant,,-0.40399999999999997,,ctrp_BRD-K49290616,-0.404,.-.
tanespimycin,HSP90 inhibitor,-0.528,-0.28300000000000003,,gdsc_Tanespimycin,-0.406,--.
doramapimod,Not Clinically Relevant,-0.406,,,gdsc_Doramapimod,-0.406,-..
sl0101,Not Clinically Relevant,-0.41100000000000003,,,gdsc_SL0101,-0.411,-..
tgx221,Not Clinically Relevant,-0.41600000000000004,,,gdsc_TGX221,-0.416,-..
bms-509744,Not Clinically Relevant,-0.41700000000000004,,,gdsc_BMS-509744,-0.417,-..
selumetinib,MEK1 inhibitor,-0.574,-0.262,,gdsc_Selumetinib,-0.418,--.
tivozanib,VEGFR inhibitor,-0.526,-0.312,,gdsc_Tivozanib,-0.419,--.
xmd8-85,Not Clinically Relevant,-0.42200000000000004,,,gdsc_XMD8-85,-0.422,-..
fmk,Not Clinically Relevant,-0.425,,,gdsc_FMK,-0.425,-..
cgp-60474,Not Clinically Relevant,-0.431,,,gdsc_CGP-60474,-0.431,-..
plx-4720,Not Clinically Relevant,-0.48700000000000004,-0.379,,gdsc_PLX-4720,-0.433,--.
fti-277,Not Clinically Relevant,-0.435,,,gdsc_FTI-277,-0.435,-..
refametinib,Not Clinically Relevant,-0.43799999999999994,,,gdsc_Refametinib,-0.438,-..
avagacestat,Not Clinically Relevant,-0.439,,,gdsc_Avagacestat,-0.439,-..
a-770041,Not Clinically Relevant,-0.439,,,gdsc_A-770041,-0.439,-..
pha-665752,Not Clinically Relevant,-0.595,,-0.285,gdsc_PHA-665752,-0.44,-.-
cct007093,Not Clinically Relevant,-0.441,,,gdsc_CCT007093,-0.441,-..
afatinib,EGFR and ErbB2 inhibitor,-0.579,-0.306,,gdsc_Afatinib,-0.442,--.
cgp-082996,Not Clinically Relevant,-0.44299999999999995,,,gdsc_CGP-082996,-0.443,-..
jw-7-52-1,Not Clinically Relevant,-0.444,,,gdsc_JW-7-52-1,-0.444,-..
bix02189,Not Clinically Relevant,-0.446,,,gdsc_BIX02189,-0.446,-..
selisistat,SIRT1 inhibitor,-0.446,,,gdsc_Selisistat,-0.446,-..
z-llnle-cho,Not Clinically Relevant,-0.449,,,gdsc_Z-LLNle-CHO,-0.449,-..
nu7441,Not Clinically Relevant,-0.449,,,gdsc_NU7441,-0.449,-..
tak-715,Not Clinically Relevant,-0.45399999999999996,,,gdsc_TAK-715,-0.454,-..
bryostatin 1,Not Clinically Relevant,-0.455,,,gdsc_Bryostatin 1,-0.455,-..
nsc-87877,Not Clinically Relevant,-0.457,,,gdsc_NSC-87877,-0.457,-..
whi-p97,Not Clinically Relevant,-0.457,,,gdsc_WHI-P97,-0.457,-..
ro-3306,Not Clinically Relevant,-0.45799999999999996,,,gdsc_RO-3306,-0.458,-..
ci-1040,Not Clinically Relevant,-0.45899999999999996,,,gdsc_CI-1040,-0.459,-..
jnk inhibitor viii,Not Clinically Relevant,-0.462,,,gdsc_JNK Inhibitor VIII,-0.462,-..
vismodegib,Hedgehog (Smoothened) antagonist (GDC-0449),-0.465,,,gdsc_Vismodegib,-0.465,-..
cp724714,Not Clinically Relevant,-0.469,,,gdsc_CP724714,-0.469,-..
xav939,Not Clinically Relevant,-0.47,,,gdsc_XAV939,-0.47,-..
tozasertib,"VX-680, pan-Aurora inhibitor, mostly against Aurora A, less potent towards Aurora B/C",-0.475,,,gdsc_Tozasertib,-0.475,-..
681640,Not Clinically Relevant,-0.49200000000000005,,,gdsc_681640,-0.492,-..
pelitinib,Not Clinically Relevant,-0.493,,,gdsc_Pelitinib,-0.493,-..
sb216763,Not Clinically Relevant,-0.494,,,gdsc_SB216763,-0.494,-..
dabrafenib,Braf (V600E) inhibitor,-0.579,-0.413,,gdsc_Dabrafenib,-0.496,--.
rapamycin,"rapamycin, mTOR inhibitor",-0.501,,,gdsc_Rapamycin,-0.501,-..
iox2,Not Clinically Relevant,-0.507,,,gdsc_IOX2,-0.507,-..
motesanib,Not Clinically Relevant,-0.522,,,gdsc_Motesanib,-0.522,-..
idelalisib,"Idelalisib,  PI3K/p110δ inhibitor",-0.532,,,gdsc_Idelalisib,-0.532,-..
qs11,Not Clinically Relevant,-0.545,,,gdsc_QS11,-0.545,-..
t0901317,Not Clinically Relevant,-0.552,,,gdsc_T0901317,-0.552,-..
az628,Not Clinically Relevant,-0.5589999999999999,,,gdsc_AZ628,-0.559,-..
gnf-2,Not Clinically Relevant,-0.56,,,gdsc_GNF-2,-0.56,-..
rtrail,Not Clinically Relevant,-0.568,,,gdsc_rTRAIL,-0.568,-..
pd173074,Not Clinically Relevant,-0.569,,,gdsc_PD173074,-0.569,-..
vx-11e,Not Clinically Relevant,-0.57,,,gdsc_VX-11e,-0.57,-..
cetuximab,Not Clinically Relevant,-0.584,,,gdsc_Cetuximab,-0.584,-..
cyclopamine,Not Clinically Relevant,-0.586,,,gdsc_Cyclopamine,-0.586,-..
nutlin-3a (-),Not Clinically Relevant,-0.594,,,gdsc_Nutlin-3a (-),-0.594,-..
gw441756,Not Clinically Relevant,-0.622,,,gdsc_GW441756,-0.622,-..
wz-1-84,Not Clinically Relevant,-0.626,,,gdsc_WZ-1-84,-0.626,-..
vnlg/124,Not Clinically Relevant,-0.628,,,gdsc_VNLG/124,-0.628,-..
